1,vulnerable,傷つきやすい／もろい／弱い立場の
2,heed,注意を払う／気をつける
3,bystander,傍観者／居合わせた人
4,congestion,混雑／渋滞
5,discard,捨てる／処分する
6,blaze,炎／燃えさかる火／燃え立つ
7,clumsy,不器用な／ぎこちない
8,eliminate,取り除く／排除する
9,acknowledge,認める／感謝する
10,edible,食用に適した／食べられる
11,cultivate,耕す／栽培する／育てる・磨く
12,overdue,期限を過ぎた／延滞した
13,enrollment,登録／入学・入会（者数）
14,enlist,入隊する／協力を求める・得る
15,anarchy,無政府状態／混乱状態
16,reluctant,気が進まない／しぶしぶの
17,fragile,壊れやすい／もろい／か弱い
18,evaluate,評価する／見積もる
19,resume,再開する／履歴書（レジュメ）
20,weary,疲れ果てた／うんざりした
21,custody,拘留／身柄の保護／親権
22,coalition,連立／同盟
23,tranquil,静かな／穏やかな
24,enforce,施行する／実行させる／強制する
25,disguise,変装させる／偽る／変装
26,surplus,余り／余剰
27,petition,嘆願（書）／要望書／嘆願する
28,habitual,習慣的な／常習の
29,vacant,空いている／空席の／空室の
30,daring,大胆な／思い切った
31,thrive,繁栄する／うまくやる／すくすく育つ
32,compartment,区画／仕切られた部分
33,accelerate,加速する／速度を上げる
34,descendant,子孫／後裔
35,decay,腐る／衰退する／腐敗・衰退
36,refine,洗練する／精製する
37,swell,膨らむ／増大する
38,segment,部分／区分／一片
39,bribe,賄賂／賄賂を送る
40,obsessed,取りつかれた／頭がいっぱいの
41,uphold,支持する／維持する
42,overthrow,転覆させる／打倒する
43,itinerary,旅程／行程表
44,faint,かすかな／気絶する／気絶
45,explicit,明白な／はっきり述べられた
46,lenient,寛大な／甘い
47,contemplate,熟考する／じっと考える
48,presume,推定する／〜と思い込む
49,bulky,かさばる／大きくて扱いにくい
50,concede,認める／譲歩する
51,shrug,肩をすくめる
52,reconstruct,再建する／復元する
53,barricade,バリケード／障害物でふさぐ
54,extravagant,浪費する／ぜいたくな／大げさな
55,reconcile,和解させる／調和させる
56,exempt,免除された／免除する
57,stroll,ぶらぶら歩く／散歩する／散歩
58,notorious,悪名高い／評判の悪い
59,enhance,高める／強化する
60,signify,意味する／示す
61,hectic,非常に忙しい／慌ただしい
62,vivid,鮮やかな／生き生きとした
63,intact,無傷の／完全なままの
64,conform,従う／一致する／順応する
65,sway,揺れる／揺らす／影響を与える
66,hasty,早まった／軽率な／急いだ
67,rotate,回転する／交代でする
68,decisive,決定的な／断固とした
69,trivial,ささいな／取るに足らない
70,detain,拘留する／引き止める
71,vicious,残忍な／悪質な／悪意のある
72,revolve,回転する／巡る
73,summon,召喚する／呼び出す／呼び集める
74,corrupt,堕落した／腐敗した／買収する
75,spontaneous,自発的な／自然に起こる
76,stale,古くなった／鮮度の落ちた／マンネリの
77,proclaim,宣言する／公表する
78,cherish,大事にする／胸に抱く
79,fictitious,架空の／偽りの
80,rash,軽率な／早まった／発疹
81,serene,穏やかな／静かな
82,ransom,身代金／身代金を払って解放する
83,witty,機知に富んだ／気の利いた
84,thaw,解ける／雪解けする／解凍する
85,adequate,十分な／適切な
86,minor,ささいな／重要でない／未成年者
87,obstacle,障害／妨げ
88,mandatory,義務的な／強制の
89,nutritious,栄養のある
90,impractical,非現実的な／実用的でない
91,optimistic,楽観的な
92,perspective,観点／見方／遠近法
93,tackle,取り組む／タックルする
94,merit,長所／功績／価値
95,halt,停止する／止める／停止
96,designate,指名する／指定する
97,bankrupt,破産した／破産者
98,abundant,豊富な／たくさんの
99,exceptional,例外的な／非常に優れた
100,integrate,統合する／溶け込ませる
101,assess,評価する／査定する
102,raid,急襲／ガサ入れ／急襲する
103,betray,裏切る／漏らす
104,altitude,高度／標高
105,offset,相殺する／埋め合わせる
106,discontent,不満／不満な
107,inefficient,非効率的な
108,unanimously,満場一致で／全会一致で
109,prestigious,名声のある／権威ある
110,complication,合併症／厄介な問題・複雑化
111,milestone,画期的な出来事／重要な節目
112,portray,描写する／描く／演じる
113,fatality,死亡者／死亡事故
114,tempting,魅力的な／誘惑的な
115,inmate,収容者／囚人・入院患者など
116,detour,回り道／迂回路
117,dedicated,献身的な／専用の
118,relic,遺物／名残／遺跡
119,compulsory,義務的な／強制の
120,dehydration,脱水（症）
121,liberate,解放する／自由にする
122,perilous,危険な／危険に満ちた
123,biographical,伝記の／伝記的な
124,filthy,汚い／不潔な
125,accord,一致／合意／与える／一致する
126,binding,拘束力のある／縛る
127,comply,従う／応じる
128,stunned,ぼう然とした／ショックを受けた
129,invalid,無効な／病弱な・病人
130,intruder,侵入者
131,unveil,明らかにする／公開する／ベールを取る
132,tedious,退屈な／長くてうんざりする
133,clarify,明らかにする／はっきりさせる
134,commend,ほめる／称賛する／推薦する
135,intrigued,好奇心をそそられた／興味津々の
136,wither,しおれる／弱まる・しぼむ
137,escort,護衛（する）／付き添い
138,scarcity,不足／欠乏
139,precision,正確さ／精度
140,gulp,ごくりと飲む／息をのむ
141,interrogate,尋問する／問いただす
142,composed,落ち着いた／平静な
143,vocation,天職／職業への適性・使命感
144,correlation,相関関係
145,obsolete,時代遅れの／廃れた
146,skeptical,懐疑的な／疑い深い
147,unwittingly,知らず知らずに／無意識に
148,abridged,要約版の／短縮された
149,irresistible,抵抗できないほど魅力的な
150,correspondence,文通／往復書簡／一致・対応
151,destined,運命づけられた／〜行きの
152,perish,死ぬ／滅びる
153,expire,期限が切れる／失効する
154,spacious,広々とした
155,transmit,送る／伝える・伝送する
156,encounter,出会う／直面する／出会い
157,conventional,従来型の／慣習的な
158,lease,賃貸借契約／賃貸する
159,division,分割／区分／部門
160,strain,負担／緊張／（植物・動物の）系統・種類
161,administer,管理する／運営する／（薬を）投与する
162,notify,通知する／知らせる
163,transplant,移植する／移植
164,certify,証明する／認定する
165,assumption,仮定／前提／思い込み
166,provoke,引き起こす／怒らせる／刺激する
167,literacy,読み書き能力／識字
168,retreat,退却する／後退する／静養・研修の合宿
169,novelty,目新しさ／珍しいもの・新奇な商品
170,exclusive,排他的な／独占的な／高級な
171,mimic,まねる／模倣する
172,resent,憤慨する／腹を立てる
173,prejudice,偏見／先入観
174,seize,つかむ／押収する／差し押さえる
175,divine,神の／神聖な／見抜く・予見する
176,incorporate,組み込む／法人化する／取り入れる
177,surpass,上回る／超える
178,impulse,衝動／刺激
179,biased,偏った／偏見をもった
180,barren,不毛の／実りのない
181,inflict,（苦痛・損害などを）与える／負わせる
182,blockade,封鎖／封鎖する
183,clutch,ぎゅっとつかむ／しっかり握る
184,refuge,避難所／保護
185,demote,降格させる／格下げする
186,fragrant,よい香りの／芳香のある
187,mingle,混ざる／人と打ち解けて交わる
188,temperament,気質／気性
189,stubborn,頑固な／しつこい
190,unfold,広げる／展開する／明らかになる
191,formulate,明確に述べる／立案する・まとめる
192,contemporary,現代の／同時代の／同時代の人
193,redundant,余分な／冗長な／（英）解雇された
194,obstruct,妨害する／ふさぐ
195,guardian,保護者／後見人
196,token,しるし／象徴／（小額の）商品券・トークン
197,omit,省く／抜かす
198,conclusive,決定的な／最終的な
199,obedient,従順な／言うことをよく聞く
200,sacred,神聖な／かけがえのない
201,testify,証言する／証明する
202,affluent,裕福な／豊かな
203,transparent,透明な／見え透いた・明白な
204,ration,一定量に配給する／配給量
205,cozy,居心地のよい／こぢんまりした
206,brutal,残酷な／ひどく厳しい
207,inventive,創意に富んだ／発明好きの
208,sober,しらふの／真面目な・冷静な
209,privilege,特権／特典
210,trespass,不法侵入する／侵害する
211,procession,行列／進行
212,vain,うぬぼれの強い／むなしい・無駄な
213,confer,授与する／協議する
214,deceive,だます／欺く
215,allegation,申し立て／主張（特に根拠の薄い）
216,affiliate,提携させる／系列会社・支部
217,prolong,延長する／長引かせる
218,overhaul,徹底的に見直す・整備する／総点検
219,deduct,差し引く／控除する
220,feasible,実行可能な／実現できる
221,mercy,慈悲／情け／容赦
222,oppress,抑圧する／圧迫する
223,entrust,任せる／委ねる
224,sturdy,頑丈な／たくましい
225,cynical,冷笑的な／皮肉な・ひねくれた
226,conspire,共謀する／陰謀を企てる
227,exert,働かせる／行使する／努力を尽くす
228,grumble,不平を言う／ぶつぶつ文句を言う
229,prosecute,起訴する／訴追する
230,delegate,代表者／代理人／委任する
231,tremble,震える／おびえる
232,earnest,まじめな／真剣な
233,generate,生み出す／発生させる
234,threaten,脅す／〜のおそれがある
235,boost,押し上げる／増加させる／後押し
236,donate,寄付する／提供する
237,evolve,進化する／発展させる
238,interact,相互作用する／交流する
239,predator,捕食動物／略奪者
240,capacity,容量／能力／収容人数
241,mainstream,主流（の）
242,accommodate,収容する／（人の希望などに）応じる・便宜を図る
243,expertise,専門知識／専門技術
244,graze,草を食べる／草を食べさせる／（皮膚を）かすり傷にする
245,erupt,噴火する／勃発する
246,withstand,耐える／持ちこたえる
247,fascination,魅了／強い関心・魅力
248,classify,分類する／機密扱いにする
249,alternate,交互の／代わりの／交替する
250,fundamental,基本的な／根本的な／基本
251,venue,会場／開催地
252,optional,任意の／選択の
253,validity,有効性／妥当性
254,leak,漏れる／漏らす／漏れ
255,considerate,思いやりのある／気配りのできる
256,outweigh,〜より重い／〜より重要・有利である
257,wholesale,卸売り（の）／大規模な
258,withdraw,引き出す／撤退する／取り下げる
259,dock,波止場／埠頭／ドックに入れる
260,deceased,亡くなった／故人
261,recruitment,募集／採用活動
262,adaptation,適応／脚色・翻案
263,prime,最も重要な／最良の／準備させる
264,faculty,（大学の）学部／教職員／能力
265,objective,目的／目標／客観的な
266,artifact,人工遺物／工芸品／人工物
267,verbal,言葉の／口頭の
268,endeavor,努力／試み／努力する
269,devoted,献身的な／熱心な
270,diploma,卒業証書／学位・資格証書
271,dictate,書き取らせる／命令する／決定づける
272,compensate,補償する／埋め合わせる
273,urgency,緊急性／切迫感
274,sneak,こそこそ行く／盗む／こそこそした人
275,heap,山／山積み／積み上げる
276,ethical,倫理的な／道徳上の
277,consensus,総意／合意
278,sentimental,感傷的な／情にもろい
279,apparent,明らかな／見かけ上の
280,subsidize,補助金を与える／助成する
281,captive,捕らわれの／捕虜・捕獲されたもの
282,applaud,拍手する／称賛する
283,forthcoming,今度の／来たる／率直な
284,trigger,引き金／きっかけ／引き起こす
285,deficit,赤字／不足
286,stain,汚れ／染み／汚す・染める
287,oversight,見落とし／監督
288,defendant,被告
289,fragment,破片／断片／砕ける
290,disastrous,壊滅的な／悲惨な
291,invoice,請求書
292,elevate,持ち上げる／昇格させる／高める
293,irrigate,灌漑する／水を引く
294,nuisance,迷惑な人・物／厄介者
295,dejected,落胆した／意気消沈した
296,consecutive,連続した／連続の
297,wretched,みじめな／ひどく不快な
298,distort,歪める／ねじ曲げる
299,verify,確認する／検証する
300,punctuality,時間厳守／時間に正確なこと
301,courtesy,礼儀正しさ／丁寧さ／好意
302,foe,敵／仇
303,crooked,曲がった／不正直な
304,famine,飢饉／極度の食糧不足
305,waver,揺らぐ／迷う
306,indebted,恩義がある／借金がある
307,indifferent,無関心な／どうでもよいと思っている
308,gracious,親切な／上品な・優雅な
309,unwarranted,不当な／根拠のない
310,refrain,（〜を）差し控える／控える
311,foresight,先見の明／洞察力
312,consolidate,統合する／強化する・固める
313,botanical,植物の／植物学の
314,axis,軸／中心線
315,inscription,銘文／刻まれた文字
316,minute,非常に小さい・細かい／分
317,archive,公文書保管所／アーカイブ・記録
318,ascent,上昇／登り／登山
319,abruptly,突然に／不意に
320,proficient,熟達した／堪能な
321,dispense,分配する／（withと）〜なしで済ます
322,eloquent,雄弁な／説得力のある
323,vandalize,器物を故意に破損する・落書きする
324,mediocre,平凡な／並みの
325,outgoing,社交的な／外向的な／退任する
326,plunge,突っ込む／急落する／飛び込み
327,stern,厳しい／いかめしい
328,insistent,しつこく主張する／強く求める
329,frailty,弱さ／もろさ／欠点
330,outsmart,出し抜く／〜より賢く立ち回る
331,casualty,死傷者／（事故・戦争の）犠牲者
332,narrative,物語／話／物語的な
333,bewilder,当惑させる／混乱させる
334,void,空（から）の／無効の／空虚／欠如
335,hinder,妨げる／阻む
336,perpetual,絶え間ない／永続する
337,phobia,恐怖症／強い嫌悪
338,sibling,きょうだい
339,orphan,孤児／孤児にする
340,elaborate,手の込んだ／念入りな／詳しく述べる
341,autograph,サイン／自筆／サインする
342,envelop,包む／包み込む
343,prevail,普及する／勝る・打ち勝つ
344,gratuity,心づけ／チップ／退職金
345,startle,びっくりさせる／驚かす
346,outcast,のけ者／追放された人
347,stagger,よろめく／ぐらつかせる／愕然とさせる
348,resolute,断固とした／固い決意の
349,dread,ひどく恐れる／恐怖・不安
350,fabricate,でっち上げる／製造する
351,compression,圧縮／圧迫
352,hysterical,ヒステリックな／我を忘れたような
353,buzz,ブンブンいう音／うわさ話／ざわめき
354,chatter,ぺちゃくちゃしゃべる／おしゃべり
355,dodge,素早く避ける／ごまかす／回避
356,tickle,くすぐる／（興味などを）そそる
357,integral,不可欠な／完全な
358,adverse,不利な／好ましくない／逆の
359,dismal,陰鬱な／お粗末な・ひどい
360,contagious,伝染性の／感染しやすい／（感情などが）うつりやすい
361,fusion,融合／合体
362,exile,追放／亡命者／追放する
363,clerical,事務の／聖職者の
364,nurture,育てる／養育する／育成
365,finite,有限の
366,simultaneous,同時の／同時に起こる
367,charitable,慈善の／寛大な
368,strive,努力する／奮闘する
369,materialistic,物質主義の／拝金主義の
370,humidity,湿度／湿気
371,touchy,神経質な／怒りっぽい／デリケートな
372,apprentice,見習い／徒弟
373,eccentric,風変わりな／奇妙な／変わり者
374,reputable,評判の良い／信頼できる
375,pious,敬虔な／信心深い／もっともらしい
376,scrub,ごしごし洗う／こする
377,shatter,粉々にする／打ち砕く
378,detach,切り離す／分離する
379,underlying,根本的な／根底にある／下にある
380,treacherous,裏切りの／危険な・油断ならない
381,instill,徐々に教え込む／染み込ませる
382,growl,うなる／うなり声をあげる
383,entangle,もつれさせる／巻き込む
384,convince,納得させる／確信させる
385,habitat,生息地／生育環境
386,ensure,保証する／確実にする
387,adopt,採用する／養子にする
388,emission,放出／排出（物）
389,ingredient,材料／成分
390,excessive,過度の／行き過ぎた
391,drawback,欠点／不利な点／障害
392,abandon,見捨てる／放棄する
393,drought,干ばつ／ひどい水不足
394,remote,遠く離れた／へんぴな／（可能性が）わずかな
395,inquiry,問い合わせ／調査・取り調べ
396,endangered,絶滅の危機にある／絶滅危惧の
397,combat,戦闘／闘い／戦う・防ぐ
398,resistant,抵抗力のある／〜に強い
399,conservation,保護／保存（環境・資源などの）
400,infectious,伝染性の／感染力のある
401,controversial,物議をかもす／論争の的となる
402,resort,行楽地・保養地／（to〜で）〜に訴える・頼る
403,transform,変形させる／一変させる
404,brochure,パンフレット／小冊子
405,subscription,購読（料）／会費・加入
406,hazardous,危険な／有害な
407,inaccurate,不正確な／間違いのある
408,hostile,敵意のある／敵対的な
409,frustrated,欲求不満の／いら立った
410,underrate,過小評価する／軽く見る
411,merge,合併する／一つになる・させる
412,distract,気をそらす／注意を散らす
413,browse,ざっと目を通す／（ネットなどを）閲覧する
414,circulation,循環／発行部数／流通
415,admission,入場（料）／入学・入会／認めること
416,digestion,消化／理解
417,alteration,変更／改変
418,violation,違反／侵害
419,suspend,一時停止する／停職・停学にする／吊るす
420,transaction,取引／売買
421,coverage,（報道の）取材・報道範囲／（保険の）補償範囲
422,incentive,動機付け／奨励金・報奨
423,diagnose,診断する
424,hesitant,ためらっている／躊躇している
425,downturn,後退／不況・落ち込み
426,evacuate,避難させる／退避する
427,assert,主張する／断言する
428,hygiene,衛生（状態）
429,breakthrough,大きな進歩／飛躍的発見・突破口
430,epidemic,流行病／（望ましくないものの）流行
431,accusation,非難／告発・罪状
432,spoil,台無しにする／（子どもを）甘やかす／腐る
433,consultation,相談／診察／協議
434,immigrate,移住してくる／移民として入る
435,exhaust,疲れ果てさせる／使い尽くす
436,upbringing,育ち方／しつけ・養育
437,neglect,怠る／無視する／放置
438,prescribe,処方する／指示する・規定する
439,informative,有益な情報を与える／ためになる
440,unearth,掘り出す／発掘する／明るみに出す
441,prospect,見込み／可能性／展望
442,stem,茎／（from〜で）〜から生じる／食い止める
443,obligation,義務／責任
444,divert,そらす／迂回させる／気分転換させる
445,sustain,維持する／支える／被る（損害など）
446,residential,住宅の／居住用の
447,reign,統治する／支配する／在位期間
448,dilemma,ジレンマ／板挟みの状態
449,overstate,誇張して言う／大げさに言う
450,irritate,いらだたせる／刺激する
451,alliance,同盟／提携
452,compliment,ほめ言葉／賛辞／ほめる
453,narrowly,かろうじて／間一髪で／狭く
454,disrupt,混乱させる／中断させる
455,prosper,繁栄する／成功する
456,irrational,非合理的な／理性を欠いた
457,devastate,壊滅させる／打ちのめす
458,virtually,ほとんど／事実上
459,mobility,移動性／流動性／機動性
460,modify,修正する／緩和する
461,quota,割り当て／ノルマ
462,exotic,異国風の／エキゾチックな
463,preservative,保存料／防腐剤
464,oversee,監督する／見張る
465,disturbance,妨害／騒ぎ／乱れ
466,competent,有能な／能力のある
467,substitute,代わりのもの・人／代用する
468,distinguish,区別する／見分ける／際立たせる
469,attribute,〜のせいにする／〜に帰する／特質・属性
470,passionate,情熱的な／熱烈な
471,doom,運命づける（多くは悪い運命）／破滅・悲運
472,precedent,前例／先例
473,misleading,紛らわしい／誤解を招く
474,literally,文字通りに／本当に
475,patent,特許／特許権／明白な
476,fatigue,疲労／疲れさせる
477,convey,伝える／運ぶ
478,intentionally,意図的に／わざと
479,migration,移住／移動（鳥などの渡りも含む）
480,perch,（鳥などが）とまる／高い所に腰を下ろす／止まり木
481,sue,訴える／告訴する
482,indispensable,不可欠な／なくてはならない
483,array,ずらりと並んだもの／配列／整列させる
484,aspire,切望する／強く望む
485,invariably,いつも／例外なく
486,subsequent,その後の／続いて起こる
487,furnished,家具付きの
488,boast,自慢する／誇りにする／自慢の種
489,privatize,民営化する
490,dominance,支配／優勢
491,envision,思い描く／想像する
492,probability,確率／見込み
493,selective,選択的な／えり好みする
494,discouraging,がっかりさせる／気をくじくような
495,faulty,欠陥のある／誤った
496,uproot,根こそぎにする／（人を）住み慣れた土地から追い立てる
497,memoir,回想録／自伝的記録
498,initiate,始める／入会させる・入門させる
499,dent,へこみ／へこませる／減少・損害
500,likeness,似ていること／肖像
501,idealistic,理想主義の
502,collaborate,共同で行う／協力する／共著する
503,erode,浸食する／徐々に弱める・損なう
504,amicable,友好的な／円満な
505,odor,におい（多くは悪臭）
506,reinforce,強化する／補強する
507,facilitate,容易にする／促進する
508,accumulate,蓄積する／積もる
509,duration,期間／継続時間
510,commemorate,記念する／祝う
511,submission,提出（物）／服従
512,observance,順守／遵守／（行事などの）執行
513,quote,引用する／見積もる／引用句・相場
514,rusty,さびついた／（技能などが）なまった
515,illiterate,読み書きのできない／無学な
516,cite,引用する／引き合いに出す
517,assure,保証する／確信させる／安心させる
518,testament,証拠／証し／遺言（書）
519,collide,衝突する／ぶつかる
520,annoyance,いら立ち／迷惑なもの・人
521,inventory,在庫／在庫一覧表
522,spotless,汚れ一つない／非常に清潔な
523,kinship,血縁関係／つながり・親近感
524,chronological,年代順の／時系列の
525,bleak,荒涼とした／希望のない・暗い
526,calamity,大災害／大惨事
527,clutter,散らかり／乱雑／散らかす
528,coincidence,偶然の一致／同時に起こること
529,knot,結び目／こぶ／難題・しこり
530,afflict,苦しめる／悩ます
531,formidable,手強い／恐るべき／圧倒されるような
532,paraphrase,言い換える／言い換え・意訳
533,remainder,残り／余り
534,converge,一つに集まる／収束する
535,admittedly,確かに／誰もが認めるように
536,traitor,裏切り者／反逆者
537,indisputable,議論の余地のない／明白な
538,overcast,曇った／どんよりした
539,preoccupied,頭がいっぱいで／気を取られている
540,ironic,皮肉な／逆説的な
541,ingenuity,創意工夫／独創性
542,endow,与える／寄付する／（才能などを）授ける
543,intervene,介入する／仲裁する
544,hospitality,もてなし／厚遇
545,uplifting,励みになる／心を高揚させる
546,synchronize,同時に起こるようにする／同期させる
547,censor,検閲官／検閲する
548,burglary,侵入盗／押し込み強盗
549,sizzle,ジュージュー音を立てる
550,prominence,目立つこと／卓越／突起
551,timid,臆病な／気の小さい
552,disclose,公表する／明らかにする
553,authorize,権限を与える／認可する
554,mock,あざ笑う／まねをしてからかう／偽の
555,preconceived,あらかじめ抱いた／先入観の
556,devour,むさぼり食う／（本などを）むさぼり読む
557,gush,どっと流れ出る／あふれ出るように話す
558,plague,疫病／悩みの種／悩ます・苦しめる
559,sob,すすり泣く／泣きじゃくる
560,unorthodox,型破りの／正統でない
561,malicious,悪意のある／意地の悪い
562,scrutiny,精査／綿密な調査
563,profess,公言する／〜であると称する
564,incomprehensible,理解不能な／わけのわからない
565,reap,刈り取る／（利益などを）得る
566,ample,豊富な／十分すぎるほどの
567,miscellaneous,種々雑多な／いろいろ混ざった
568,articulate,はっきり話す／明確に表現する／明瞭な
569,allocate,割り当てる／配分する
570,wag,（しっぽ・指などを）振る／（しっぽなどの）振り
571,remorseful,後悔している／自責の念にかられた
572,crave,切望する／渇望する
573,amenity,快適さ／生活を快適にする設備
574,evaporate,蒸発する／消えてなくなる
575,apprehension,不安・懸念／理解／逮捕
576,dip,ちょっと浸す／少し下がる／下落
577,excerpt,抜粋／引用
578,ordeal,厳しい試練／辛い体験
579,mourn,嘆き悲しむ／悼む
580,autopsy,検死／解剖
581,fury,激しい怒り／激しさ
582,abort,中止する／流産させる・流産する
583,pretext,口実／言い訳
584,recurrent,再発する／繰り返し起こる
585,folklore,民話／民間伝承
586,installment,分割払いの一回分／（連載・シリーズの）一回分
587,amendment,改正／修正（案）
588,conceited,うぬぼれた／自惚れの強い
589,intoxicated,酔った／有頂天になった
590,supernatural,超自然の／不可思議な
591,deception,だますこと／欺き
592,drastic,徹底的な／思い切った・過激な
593,inherent,本来備わっている／生まれつきの
594,ballot,投票／投票用紙
595,plea,嘆願／懇願／（法廷での）答弁・申し立て
596,loathe,ひどく嫌う／嫌悪する
597,secluded,人里離れた／隔離された
598,herald,先触れ／前触れ／告げる・予告する
599,paranoid,被害妄想的な／極端に疑り深い
600,shortfall,不足／不足額
601,integrity,高潔さ／誠実さ／完全性
602,fanatical,狂信的な／熱狂的な
603,defy,逆らう／無視する
604,arc,弧／弓形
605,debatable,議論の余地がある
606,rapidity,速さ／迅速さ
607,crumble,ぼろぼろに崩れる／崩す
608,pending,未決の／〜を待っている状態の
609,embark,乗り出す／（船・飛行機に）乗り込む
610,overpower,圧倒する／打ち負かす
611,breach,違反／破ること（契約・規則など）／裂け目
612,improper,不適切な／不作法な
613,superstition,迷信
614,entrepreneur,起業家
615,rational,理性的な／合理的な
616,disposable,使い捨ての／自由に使える
617,intelligible,理解できる／わかりやすい
618,applicable,適用できる／当てはまる
619,uproar,大騒ぎ／騒動
620,humanitarian,人道的な／人道主義者
621,upside,良い面／利点
622,intricate,複雑な／込み入った
623,endure,耐える／持ちこたえる
624,mobilize,動員する／（人を）駆り立てる
625,compatible,互換性のある／気が合う
626,flattery,お世辞／おべっか
627,concession,譲歩／認めること
628,glare,ぎらぎらする光／にらみつけること
629,abstain,（from）控える／棄権する
630,scanty,乏しい／わずかな
631,condensation,凝結／（文章などの）要約
632,haven,避難所／安息の地
633,assorted,より取り合わせた／いろいろ混ざった
634,preclude,妨げる／不可能にする
635,tolerable,耐えられる／我慢できる
636,yardstick,尺度／基準
637,mischievous,いたずら好きな／いたずらっぽい
638,bid,入札／試み／値をつける・入札する
639,cease,やむ／やめる・終える
640,persistent,しつこい／根強い／持続する
641,resignation,辞職／諦め・甘受
642,hypocritical,偽善的な
643,deserted,人けのない／見捨てられた
644,savage,野蛮な／どう猛な
645,confront,直面する／立ち向かう
646,shriek,悲鳴を上げる／金切り声をあげる
647,patriot,愛国者
648,reckless,無謀な／向こう見ずな
649,stingy,けちな
650,lament,嘆く／悲しむ／嘆き
651,ranger,レンジャー／森林警備隊員・管理官
652,arouse,呼び起こす／刺激する
653,foil,（計画などを）くじく／挫折させる
654,contaminate,汚染する／汚す
655,implication,含意／暗示／（好ましくない）影響・関与
656,stoically,じっと我慢して／平然と
657,conditional,条件付きの／条件次第の
658,archaic,古風な／古めかしい
659,ascertain,確かめる／突き止める
660,observant,観察力の鋭い／（規則などを）よく守る
661,rhetoric,美辞麗句／修辞（学）
662,cramp,けいれん／こむら返り／締め付ける
663,audible,聞こえる
664,resurgence,再起／復活
665,standstill,休止／行き詰まり／停止状態
666,immortality,不死／不滅
667,potent,強力な／効果の強い
668,inevitably,必然的に／避けられず
669,curfew,外出禁止令／門限
670,nominate,指名する／推薦する
671,depiction,描写／表現
672,deliberately,故意に／慎重に
673,remnant,残り／名残／残り物
674,precaution,予防策／用心
675,catastrophe,大惨事／大災害
676,intimidate,怖がらせる／脅す
677,sluggish,動きの鈍い／不活発な
678,mediator,仲介者／調停者
679,moderation,節度／適度
680,shrewd,抜け目のない／洞察力のある
681,loophole,抜け穴／逃げ道
682,poach,密猟する／（人材などを）引き抜く
683,insoluble,解けない／解決不能な
684,anecdote,逸話／小話
685,yearn,切望する／強くあこがれる
686,diligent,勤勉な／よく努力する
687,industrialize,工業化する
688,generalization,一般化／概括
689,idle,働いていない／怠けている／遊んでいる
690,forge,鍛造する／築き上げる／偽造する
691,intermittently,断続的に／とぎれとぎれに
692,constitute,構成する／〜とみなされる
693,inhospitable,（土地が）過酷な／もてなしの悪い
694,lure,おびき寄せる／誘惑する／誘惑（するもの）
695,traumatic,トラウマになる／精神的外傷を与える
696,discredit,信用を傷つける／疑いをかける
697,ambiguous,あいまいな／はっきりしない
698,autonomy,自治／自律
699,autobiography,自伝
700,contradictory,矛盾した／食い違う
701,roster,名簿／人員表
702,nauseous,吐き気のする／むかつく
703,coherent,首尾一貫した／筋の通った
704,quest,探求／追求
705,acute,鋭い／激しい／（病気が）急性の
706,exaggeration,誇張
707,ridicule,あざ笑う／嘲笑する／嘲り
708,bashful,恥ずかしがり屋の／内気な
709,familiarize,慣れさせる／親しませる
710,prone,〜しがちな／〜になりやすい
711,estimation,評価／見積もり／判断
712,avail,役に立つ／効用
713,compel,強いる／無理やり〜させる
714,indicative,示している／〜の表れである
715,receptive,受け入れの良い／感受性の強い
716,immerse,浸す／没頭させる
717,batch,一団／一括／一度分
718,verge,瀬戸際／境目／端（on the verge of〜
719,appreciative,ありがたく思う／鑑賞眼のある
720,conceal,隠す／隠蔽する
721,endorse,支持する／是認する／裏書きする／（商品を）推奨する
722,tragic,悲劇的な／痛ましい
723,harass,悩ます／嫌がらせをする
724,tender,優しい／柔らかい／（入札の）入札
725,feeble,弱々しい／かすかな
726,foster,育てる／育成する／里親の
727,magnify,拡大する／大げさに言う
728,testimony,証言／証拠
729,soak,浸す／びしょ濡れにする／染み込む
730,grant,与える／認める／助成金
731,boundary,境界（線）／限界
732,scatter,まき散らす／散らばる
733,overload,過重にする／負荷をかけすぎる
734,confine,閉じ込める／限定する
735,litter,ゴミ／ごみを散らかす
736,dispatch,派遣する／発送する／派遣・急送
737,arrogant,傲慢な／尊大な
738,awkward,気まずい／ぎこちない／不器用な
739,tame,飼いならされた／おとなしい／飼いならす
740,penetrate,貫く／入り込む／浸透する
741,suppress,抑える／鎮圧する／抑圧する
742,rigid,硬い／厳格な／柔軟性のない
743,disgrace,不名誉／恥／面目を失わせる
744,restrain,抑える／制止する
745,abolish,廃止する
746,friction,摩擦／不和
747,coarse,粗い／ざらざらした／下品な
748,cowardly,臆病な／卑怯な
749,petty,ささいな／器の小さい
750,detention,拘留／居残り（罰）
751,blunt,切れ味の鈍い／ぶっきらぼうな
752,vigorous,精力的な／活発な
753,pierce,突き刺す／穴をあける
754,revolt,反乱を起こす／むかつかせる
755,twist,ねじる／ひねる／ゆがめる
756,shelter,避難所／住まい／保護・避難させる
757,collapse,崩壊する／倒れる／崩す
758,pursue,追求する／追跡する
759,appliance,（家庭用の）器具／電化製品
760,imitate,まねる／模倣する
761,yield,産出する／屈する／譲る／収穫高
762,limitation,制限／限界
763,extensive,広範囲の／大規模な
764,radical,急進的な／根本的な
765,dismiss,解雇する／退ける・却下する
766,riot,暴動
767,exceed,超える／上回る
768,remodel,改造する／リフォームする
769,fierce,激しい／どう猛な
770,adolescent,思春期の／思春期の若者
771,component,構成要素／部品
772,suspicious,疑わしい／疑っている
773,herd,群れ／群れをなす
774,syndrome,症候群／一連の特徴
775,offensive,不快な／攻撃的な
776,outdated,時代遅れの
777,diminish,減る／減少させる
778,functional,機能的な／機能上の
779,bureau,局／事務所／官庁の部局
780,wreck,大破させる／難破させる／残骸・壊れたもの
781,sanctuary,聖域／保護区／避難所
782,impair,損なう／弱める
783,prompt,促す／即座の／きっかけ
784,bait,餌／おとり
785,mutual,相互の／共通の
786,diagram,図表／模式図
787,distress,苦悩／困窮／苦しめる／遭難
788,expel,追放する／退学処分にする／排出する
789,rotten,腐った／ひどく悪い
790,subtle,微妙な／巧妙な・分かりにくい
791,tentative,仮の／試験的な／ためらいがちな
792,defective,欠陥のある
793,legible,判読できる／読みやすい
794,propel,前進させる／推進する
795,pluck,引き抜く／むしり取る／勇気
796,evade,逃れる／避ける／ごまかす
797,slack,たるんだ／ゆるい／不活発な
798,glossary,用語集
799,grasp,しっかりつかむ／理解する／理解
800,junction,合流点／交差点／接続点
801,righteous,正しい／高潔な
802,hover,空中にとどまる／うろつく
803,decode,解読する／暗号を解く
804,encase,包み込む／覆う
805,victorious,勝利した／勝ち誇った
806,beggar,物乞い／乞食
807,drowsy,眠い／うとうとしている
808,strangle,絞め殺す／首を絞める／圧殺する
809,esteem,尊敬する／評価する／尊敬・評価
810,deflate,空気を抜く／しぼませる／意気消沈させる
811,dubious,疑わしい／怪しい／半信半疑の
812,texture,質感／手触り／（生地などの）きめ
813,tenant,借家人／入居者／地主から借りている人
814,declaration,宣言／申告
815,tease,からかう／いじめる（しつこくいじる）
816,tariff,関税／料金表
817,conquest,征服／勝ち取ること
818,denial,否定／拒否／拒絶
819,domain,領域／範囲／（インターネットの）ドメイン
820,simulate,模擬する／〜のふりをする
821,disarm,武装解除する／警戒心を解く
822,concise,簡潔な／要領を得た
823,mortal,死すべき／致命的な／人間
824,sequel,続編／続き
825,stumble,つまずく／よろける／口ごもる
826,gloomy,薄暗い／憂うつな／悲観的な
827,convert,変える／改宗させる／転換する
828,contract,契約／契約する／縮む・収縮する
829,assign,割り当てる／任命する／課す
830,harsh,厳しい／過酷な／（音・色が）きつい
831,procedure,手順／手続き
832,counter,反対する／対抗する／カウンター台
833,pose,ポーズをとる／（問題などを）引き起こす／〜を装う
834,barely,かろうじて／ほとんど〜ない
835,superior,優れた／上位の／上司
836,supplement,補う／補足する／サプリメント・付録
837,institution,機関／団体／制度
838,heritage,遺産／伝統
839,boom,好景気／ブーム／にわか人気／急成長する
840,relieve,和らげる／安心させる／軽減する
841,tuition,授業料／レッスン
842,invasion,侵入／侵攻／侵害
843,interfere,干渉する／邪魔をする
844,dispute,論争する／争う／論争・紛争
845,launch,開始する／打ち上げる／発売する
846,preference,好み／優先権
847,recall,思い出す／回収する／召還する
848,treaty,条約／協定
849,immediate,即座の／差し迫った／目の前の
850,sacrifice,犠牲／犠牲にする／いけにえ
851,interrupt,中断させる／さえぎる
852,authentic,本物の／信頼できる／本格的な
853,originate,始まる／起源を持つ／生み出す
854,starve,飢える／ひどく空腹である
855,commission,委員会／手数料／任命・委託／委任する
856,ruin,台無しにする／滅ぼす／廃墟・破滅
857,illustrate,例示する／図解する／説明する
858,primitive,原始的な／未発達な
859,tremendous,とてつもなく大きい／すごい
860,carve,彫る／刻む／切り分ける
861,decent,ちゃんとした／まともな／かなり良い
862,trait,特徴／特性
863,outsource,外注する／アウトソーシングする
864,compound,混合物／複合体／複合の／混合する
865,durable,耐久性のある／長持ちする
866,degrade,品位を落とす／劣化させる／環境を悪化させる
867,medieval,中世の
868,steep,急な／険しい／（値段などが）高すぎる
869,displace,追い出す／取って代わる／移動させる
870,enrich,豊かにする／強化する
871,chore,雑用／面倒な仕事
872,rebellion,反乱／反抗
873,replicate,複製する／再現する
874,consent,同意／承諾／同意する
875,identical,全く同じ／同一の
876,embrace,抱きしめる／受け入れる／取り入れる
877,genuine,本物の／心からの／誠実な
878,stray,道に迷う／はぐれる／迷い出た
879,retrieve,取り戻す／回収する／検索する
880,draft,下書き／草案／徴兵／下書きする
881,bachelor,独身男性／学士
882,downfall,没落／失脚／破滅
883,crucial,極めて重要な／決定的な
884,bump,ぶつかる／コツンと当たる／こぶ・でっぱり
885,surrender,降伏する／譲り渡す／降伏
886,enclose,同封する／囲む・取り囲む
887,graphic,生々しい／図解の／グラフィックの
888,shield,盾／防御／守る・保護する
889,ritual,儀式／お決まりの行為
890,discriminate,差別する／識別する
891,suite,一続きの部屋／スイートルーム／一式
892,steer,操縦する／進路を取る／導く
893,equivalent,同等の／同価値の／同等のもの
894,seal,封をする／密閉する／アザラシ／封印
895,trace,跡／痕跡／たどる／わずかな〜
896,fraud,詐欺／詐欺師／詐欺行為
897,pioneer,開拓者／先駆者／開拓する
898,vanish,消える／姿を消す
899,ethnic,民族の／人種的な
900,hurdle,ハードル／障害
901,depart,出発する／去る
902,ripen,熟す／熟させる
903,brisk,きびきびした／活発な／（天気が）さわやかな
904,slump,急に落ち込む／不振になる／不況・スランプ
905,venture,冒険的事業／ベンチャー／思い切って〜する
906,furious,激怒した／猛烈な
907,impede,妨げる／遅らせる
908,transition,移り変わり／変化・過渡期
909,subjective,主観的な
910,insult,侮辱する／侮辱
911,nourish,栄養を与える／育てる
912,impose,課す／押しつける
913,curse,のろい／悪態／のろう
914,blurry,ぼやけた／はっきりしない
915,successor,後継者／後任者
916,renovate,改装する／リフォームする
917,flaw,傷／欠点／欠陥
918,parallel,平行な／類似した／平行線・類似物
919,maternity,母性の／妊産婦用の
920,anthem,賛歌／国歌
921,deprive,奪う／取り上げる
922,insane,正気でない／狂気の／常軌を逸した
923,asset,資産／貴重な存在・強み
924,obscure,わかりにくい／曖昧な／無名の／覆い隠す
925,disgust,嫌悪感を起こさせる／むかつかせる／嫌悪
926,intimate,親密な／私的な／ほのめかす
927,scratch,引っかく／傷をつける／ひっかき傷
928,legacy,遺産／受け継いだもの
929,summit,頂上／首脳会談
930,vibrant,活気に満ちた／鮮やかな
931,exclaim,叫ぶ／声を上げる
932,sprain,捻挫する／捻挫
933,lump,こぶ／塊／ひとまとめにする
934,plentiful,豊富な／たくさんの
935,inhale,吸い込む／吸入する
936,muddy,泥だらけの／濁った
937,devise,考案する／工夫する
938,incidence,発生（率）／起こり方
939,impassable,通れない／通行不能の
940,nosy,詮索好きな／おせっかいな
941,erect,直立した／建てる・組み立てる
942,damp,湿った／湿気のある
943,empower,権限を与える／力を与える
944,confession,告白／自白
945,spectacle,壮観／見もの／眼鏡（spectacles）
946,attentive,注意深い／よく気がつく
947,conviction,有罪判決／確信／信念
948,vacuum,真空／空白状態／掃除機
949,rally,集会／結集／立て直す・元気を取り戻す
950,snatch,ひったくる／さっとつかむ／ひったくり
951,torch,たいまつ／懐中電灯（英）
952,fussy,細かいことにうるさい／好き嫌いの激しい
953,emigration,移住（他国への移住）
954,diagonally,斜めに
955,salute,敬礼する／敬意を表する／敬礼
956,recollect,思い出す／回想する
957,hostage,人質
958,comrade,仲間／同志
959,partition,仕切り／分割／分ける
960,slant,傾斜／傾き／偏見／傾ける
961,curb,抑制する／歩道の縁石
962,deformity,奇形／ゆがみ
963,crouch,しゃがむ／うずくまる
964,immeasurable,計り知れない／非常に大きい
965,agitate,動揺させる／扇動する／かき混ぜる
966,recede,後退する／遠のく
967,crisp,パリッとした／カリッとした／（空気が）さわやかな
968,frantic,取り乱した／必死の
969,editorial,社説／編集上の
970,execute,実行する／処刑する
971,pinpoint,正確に指摘する／正確な
972,adorable,とても可愛らしい／愛らしい
973,deflect,そらす／方向を変えさせる
974,crude,粗末な／雑な／未精製の／粗野な
975,intersect,交差する
976,dazed,茫然とした／ぼうっとした
977,console,慰める／コンソール（操作盤）
978,spiteful,意地悪な／悪意のある
979,sanction,制裁／認可／制裁する／承認する
980,influx,流入／殺到
981,scrap,廃棄する／くず鉄・廃材／小さな断片
982,ditch,溝／捨てる・見捨てる／（乗り物が）不時着する
983,relay,中継する／リレーする／中継・リレー
984,illogical,非論理的な／筋が通らない
985,discharge,放出する／解放する／解雇する／退院・退役させる
986,charm,魅力／お守り／魅了する
987,hinge,蝶番／〜次第である（hinge on〜）
988,supreme,最高の／至上の
989,invisible,目に見えない／不可視の
990,spark,火花／きっかけ／引き起こす
991,analogy,類推／類似
992,gradation,段階的変化／グラデーション
993,superficial,表面的な／浅い
994,bearable,耐えられる／我慢できる
995,sinister,不吉な／邪悪な／不気味な
996,lean,傾く／もたれる／痩せた／脂肪の少ない
997,glorify,美化する／賛美する
998,breadth,幅／広がり
999,chaotic,混沌とした／無秩序な
1000,dutiful,義務に忠実な／親孝行な
1001,sincerity,誠実さ／真心
1002,restless,落ち着かない／そわそわした
1003,stack,積み重ね／山／積み重ねる
1004,shred,ごく少量／細切れ／ずたずたに裂く
1005,dimension,寸法／側面・要素／次元
1006,aimlessly,あてもなく／目的もなく
1007,rejoice,喜ぶ／大喜びする
1008,wrinkle,しわ／しわを寄せる
1009,despise,軽蔑する／見下す
1010,exterminate,全滅させる／根絶する
1011,choke,息が詰まる／窒息させる
1012,splinter,とげ／木片／バラバラに割る・割れる
1013,immense,莫大な／とてつもなく大きい
1014,glossy,つやつやした／光沢のある
1015,brace,備える／身構える／支え・補強具
1016,blast,爆発／突風／爆破する
1017,mellow,まろやかな／落ち着いた／熟成した
1018,liable,〜しがちな／〜の責任がある
1019,inclination,傾向／好み／意向
1020,redeem,償う／取り戻す／（クーポンなどを）引き換える
1021,depot,倉庫／貯蔵所／（バスなどの）車庫・駅
1022,plural,複数形（の）
1023,forsake,見捨てる／あきらめる
1024,retrace,引き返す／（足跡などを）たどり直す
1025,naive,世間知らずの／素朴な／単純な
1026,uptight,ピリピリした／神経質な／堅苦しい
1027,ornament,飾り／装飾品／飾る
1028,inhibit,抑制する／抑える／妨げる
1029,smash,粉々にする／激しく壊す／大成功・完敗
1030,modest,控えめな／謙虚な／質素な／（量が）さほど多くない
1031,hardy,たくましい／丈夫な／（寒さなどに）強い
1032,entitle,〜に資格を与える／題名をつける
1033,taint,汚す／悪くする／汚点・不名誉
1034,striking,目立つ／印象的な／顕著な
1035,indulgent,甘い／寛大な／好きなことをさせる
1036,discreet,慎重な／思慮深い
1037,incurable,不治の／直しようのない
1038,complement,補完物／補うもの／補う
1039,unsound,健全でない／信頼できない／根拠の薄い
1040,wield,振るう／使いこなす（権力・武器など）
1041,dislocate,脱臼させる／位置をずらす・乱す
1042,pledge,誓約／公約／誓う・約束する
1043,gargle,うがいする／うがい薬
1044,contempt,軽蔑／侮り
1045,aggravate,悪化させる／いらだたせる
1046,horrify,ぞっとさせる／恐怖を与える
1047,vulgar,下品な／品のない／俗悪な
1048,cordial,心のこもった／温かい
1049,drift,漂う／流される／漂流・漂い
1050,circuit,回路／一周／巡回
1051,blueprint,青写真／設計図／計画
1052,vault,金庫室／地下室／アーチ型天井／跳ぶ
1053,ratio,比率
1054,dismayed,うろたえた／がっかりした
1055,trim,整える／刈り込む／装飾／すっきりした
1056,ignition,点火／点火装置
1057,insight,洞察／洞察力
1058,dismantle,分解する／取り壊す
1059,indefinite,はっきりしない／期限のない
1060,cunning,ずる賢い／狡猾な／巧みな
1061,scorn,軽蔑（する）
1062,commencement,開始／（米）卒業式
1063,deteriorate,悪化する／悪化させる
1064,pathetic,哀れな／情けない
1065,scrape,こする／こすり取る／かすり傷
1066,perimeter,周囲／周辺境界線
1067,transcription,書き写し／転写／文字起こし
1068,chunk,塊／大きな部分
1069,humble,謙虚な／質素な／身分の低い／謙虚にさせる
1070,simmer,ことこと煮る／くすぶる
1071,monotonous,単調な／変化のない
1072,swift,素早い／迅速な
1073,premature,早すぎる／早産の／時期尚早の
1074,infinite,無限の／限りない
1075,deploy,（軍隊などを）展開する／配置する／活用する
1076,sterile,不毛の／殺菌された／子どもができない
1077,maze,迷路／込み入った状況
1078,dreary,陰鬱な／退屈な／どんよりした
1079,eject,追い出す／追い払う／排出する
1080,fluent,流暢な／すらすら話せる
1081,disown,自分と関係ないと言う／（親子の）縁を切る
1082,attendant,付き添い／係員／付随する
1083,vigilant,油断のない／警戒している
1084,cumulative,累積的な／累積した
1085,enchant,うっとりさせる／魅了する
1086,candid,率直な／ざっくばらんな／（写真が）自然な
1087,jumble,ごちゃまぜにする／ごちゃまぜ／乱雑なもの
1088,momentary,一瞬の／つかの間の
1089,miniature,小型の／ミニチュア
1090,outpace,〜をしのぐ／〜より速く進む
1091,decline,減少する／衰退する／（丁寧に）断る
1092,reveal,明らかにする／見せる・暴く
1093,associate,関連づける／仲間／同僚
1094,confirm,確認する／裏づける
1095,renew,更新する／新たにする／再開する
1096,predict,予測する／予言する
1097,conflict,対立／衝突／矛盾／対立する
1098,imply,暗示する／ほのめかす
1099,restrict,制限する／限定する
1100,circumstance,状況／事情／環境
1101,symptom,症状／兆候
1102,regulate,規制する／調整する／管理する
1103,emphasize,強調する
1104,identify,特定する／身元を確認する／同一視する
1105,reliable,信頼できる／頼りになる
1106,monitor,監視する／見守る／モニター
1107,update,最新の状態にする／更新（情報）
1108,contrast,対比／対照／対照をなす
1109,appropriate,適切な／ふさわしい
1110,adapt,適応する／改作する／順応させる
1111,genetic,遺伝子の／遺伝的な
1112,upgrade,改良する／グレードアップする／格上げ
1113,commit,犯す（罪など）／（真剣に）取り組む／委ねる
1114,breed,繁殖させる／育てる／品種
1115,inspire,刺激する／ひらめきを与える／感動させる
1116,livestock,家畜
1117,exposure,さらされること／露出／暴露
1118,surrounding,周囲の／周囲の環境
1119,secure,安全な／確保する／手に入れる
1120,federal,連邦（政府）の
1121,commute,通勤する／通学する
1122,aggressive,攻撃的な／積極的な
1123,sufficient,十分な
1124,settlement,解決／和解／定住地／清算
1125,emerge,現れる／台頭する／（問題などが）明らかになる
1126,sophisticated,洗練された／高度な／教養のある
1127,undergo,経験する／受ける（手術・試験など）
1128,revenue,収入／歳入
1129,disorder,無秩序／混乱／（心身の）障害・不調
1130,relevant,関連のある／適切な
1131,overlook,見落とす／見逃す／見渡す
1132,negotiate,交渉する／取り決める
1133,inhabitant,住民／居住者
1134,prohibit,禁止する
1135,witness,目撃者／証人／目撃する
1136,likelihood,可能性／見込み
1137,vital,極めて重要な／生命維持に必要な／活気のある
1138,proponent,支持者／提唱者
1139,dump,投棄する／どさっと捨てる／ごみ捨て場
1140,refund,払い戻し／払い戻す
1141,scan,ざっと目を通す／スキャンする／じっと見る
1142,stimulate,刺激する／活性化する
1143,context,文脈／状況・背景
1144,massive,巨大な／大規模な
1145,reproduce,再生産する／複製する／繁殖する
1146,council,評議会／議会／協議機関
1147,lobby,ロビー／圧力団体／働きかける
1148,inject,注射する／注入する
1149,remarkable,注目すべき／驚くべき
1150,infrastructure,社会基盤／インフラ
1151,extract,抜き出す／抽出する／取り出したもの・抽出物
1152,plot,筋／構想／陰謀／区画／たくらむ
1153,innovation,革新／新機軸／新しいアイデア
1154,distinct,はっきり異なる／明確な
1155,extinct,絶滅した／消滅した
1156,personnel,職員／人員／人事部
1157,shallow,浅い／浅はかな
1158,portion,一部／分け前／（食べ物の）一人前
1159,advocate,擁護する／主張する／擁護者
1160,vessel,容器／器／船／血管
1161,crawl,はう／四つんばいで進む／のろのろ進む
1162,era,時代／〜時代
1163,drain,排出する／流出させる／疲れさせる／排水口
1164,motive,動機／理由
1165,remedy,治療法／改善策／治す・改善する
1166,rivalry,競争／対抗関係
1167,fraction,一部／分数／わずか
1168,minimal,最小限の／ごくわずかな
1169,grain,穀物／粒／木目
1170,legitimate,合法の／正当な
1171,revise,改訂する／見直す
1172,activate,作動させる／活性化する
1173,abuse,乱用／虐待／乱用する・虐待する
1174,celebrity,有名人／名声
1175,recession,不況／景気後退
1176,vomit,吐く／吐き出す／嘔吐
1177,scheme,計画／たくらみ／陰謀／計画を立てる
1178,closure,閉鎖／終結
1179,retain,保持する／保つ
1180,cautious,用心深い／慎重な
1181,viable,実行可能な／生存可能な
1182,terrain,地形／地帯
1183,toll,通行料／（被害・死傷者などの）数
1184,agenda,議題／議事日程
1185,desperate,必死の／絶望的な／切実な
1186,hatch,孵化する／（計画などを）企てる／ハッチ・小扉
1187,surveillance,監視／見張り
1188,colonize,植民地化する／定住する
1189,confidential,機密の／内密の
1190,breakup,別れ／解体・分裂
1191,corridor,廊下／通路
1192,utility,公共事業（ガス・水道など）／実用性
1193,specimen,標本／見本
1194,input,入力／意見・情報の提供
1195,infamous,悪名高い／不名誉な
1196,publicity,宣伝／注目・評判
1197,currency,通貨／普及・流通
1198,undermine,弱体化させる／徐々に傷つける
1199,sweep,掃く／さっと通り過ぎる／一掃する
1200,horizontal,水平の／横向きの
1201,torture,拷問する／ひどく苦しめる
1202,descent,下降／血統・家系
1203,alienate,遠ざける／疎外する
1204,submerge,水中に沈める／沈む
1205,errand,お使い／用足し
1206,commodity,商品／生活必需品
1207,outburst,（感情などの）爆発／激発
1208,comparable,同程度の／比較できる
1209,compile,（資料などを）まとめる／編集する
1210,inception,始まり／発端
1211,aquatic,水生の／水の
1212,grind,挽く／すりつぶす／こつこつやる
1213,upheaval,大変動／激変
1214,feast,ごちそう／宴会／ごちそうする
1215,scope,範囲／（活動の）幅・余地
1216,burden,重荷／負担／負担をかける
1217,cram,詰め込む／詰め込み勉強をする
1218,assault,暴行／攻撃／襲う
1219,acoustic,音響の／アコースティックの
1220,enact,制定する（法律など）／演じる
1221,contend,主張する／争う
1222,rubbish,ごみ／くだらないもの・こと
1223,projection,予測／投影／映写
1224,generosity,寛大さ／気前のよさ
1225,cooperative,協力的な／協同組合
1226,cater,料理をまかなう／ニーズに応じる
1227,ruthless,無慈悲な／容赦ない
1228,induce,誘発する／説得して〜させる
1229,disregard,無視する／軽視する／無視・軽視
1230,recess,休憩時間／休会／くぼみ
1231,wholesome,健康によい／健全な
1232,communal,共同の／地域社会の
1233,freight,貨物／貨物輸送
1234,irreversible,元に戻せない／取り返しのつかない
1235,variable,変わりやすい／可変の／変数
1236,formalize,正式な形にする／形式化する
1237,proportion,割合／部分／均衡・つり合い
1238,sensation,感覚／大評判・センセーション
1239,terminate,終わる／終わらせる／打ち切る
1240,exploit,不当に利用する・搾取する／功績・偉業
1241,antiquity,古代／古物
1242,centralize,集中させる／一元化する
1243,sympathize,同情する／共感する
1244,anonymous,匿名の／名前を明かさない
1245,influential,影響力の大きい
1246,mumble,ぶつぶつ言う／もごもご話す
1247,partial,部分的な／依怙贔屓する
1248,sanitation,衛生設備／公衆衛生
1249,hail,歓呼して迎える／ひょう・あられ
1250,manipulate,巧みに扱う／操作する・操る
1251,profound,深い／重大な／深遠な
1252,perception,認識／知覚／見方
1253,thesis,論文／主張・命題
1254,pastime,気晴らし／娯楽
1255,swamp,沼地／押し寄せて圧倒する
1256,flock,群れ／群がる・集まる
1257,predate,〜より前から存在する／〜に先行する
1258,phonetic,音声の／発音上の
1259,creditor,債権者
1260,facade,建物の正面／外見・見せかけ
1261,lofty,非常に高い／高尚な／尊大な
1262,rite,儀式／宗教儀礼
1263,devious,ずる賢い／遠回りの／不誠実な
1264,deadlock,行き詰まり／膠着状態
1265,incessant,絶え間ない／ひっきりなしの
1266,beckon,手招きする／誘う
1267,configuration,配置／構成／形状
1268,subtract,差し引く／引き算する
1269,quaint,古風で趣のある／風変わりで面白い
1270,downplay,過小評価する／軽く扱う
1271,erratic,不規則な／気まぐれな
1272,inanimate,生命のない／無生物の
1273,inheritance,相続財産／受け継いだもの（遺産・性質など）
1274,upcoming,今度の／近くやって来る
1275,inclusive,含めての／込みの
1276,breakout,突然の発生／大躍進／脱走
1277,envious,うらやましがっている／ねたましい
1278,ominous,不吉な／不穏な
1279,slam,バタンと閉める／激しく非難する
1280,deem,〜とみなす／〜と考える
1281,solitude,孤独／ひとりきりの状態
1282,garment,衣服／衣類
1283,pinch,つまむ／挟む／窮地・苦境
1284,credibility,信頼性／信用できること
1285,bow,おじぎする／弓／（船の）船首
1286,revitalize,再活性化する／活気を取り戻させる
1287,utterance,発言／発声
1288,conscience,良心
1289,discord,不和／対立・不一致
1290,synthesize,合成する／総合する
1291,juvenile,未成年の／青少年の／未成年者
1292,droop,垂れ下がる／しおれる
1293,numb,まひした／かじかんだ／ぼう然とした
1294,extinguish,消す／消滅させる
1295,scam,詐欺／詐欺行為
1296,backlog,未処理の山／たまった仕事
1297,swap,交換する／取り替え／交換
1298,dissolve,溶かす／溶ける／解散させる
1299,discern,見分ける／識別する／見抜く
1300,rebound,跳ね返る／回復する／跳ね返り
1301,boundless,果てしない／無限の
1302,meditate,瞑想する／深く考える
1303,repel,追い払う／反発させる／不快にさせる
1304,shove,ぐいっと押す／突き飛ばす
1305,fumigate,燻蒸消毒する
1306,majestic,雄大な／荘厳な／堂々とした
1307,upscale,高級な／高所得者向けの
1308,sly,ずる賢い／こっそりした
1309,subsistence,生計／生存（のための最低限の生活）
1310,preliminary,予備の／準備の／予選
1311,stout,がっしりした／丈夫な／太めの
1312,occupancy,入居／占有率
1313,triumph,勝利／大成功／勝利する
1314,ammunition,弾薬／（議論などの）攻撃材料
1315,resilient,弾力のある／立ち直りの早い
1316,sprout,芽を出す／急に伸びる／芽
1317,ensue,続いて起こる／結果として起こる
1318,showdown,最終対決／決着
1319,dialect,方言
1320,setback,後退／挫折／逆風
1321,caption,キャプション／写真などの説明文
1322,amnesty,恩赦／大赦
1323,ferocious,凶暴な／激しい
1324,swerve,急に方向を変える／それる
1325,glimpse,ちらっと見ること／一見
1326,clause,条項／（文法の）節
1327,sphere,球体／領域・範囲
1328,constellation,星座／（関連のある）一団
1329,haunt,出没する／つきまとう
1330,delirious,うわごとを言うほど興奮した／狂乱した
1331,blissful,この上なく幸せな／至福の
1332,eternity,永遠／長い長い時間
1333,abstract,抽象的な／要約／要約する
1334,pretense,ふり／見せかけ
1335,admonish,注意する／忠告する／叱る
1336,incriminate,罪を負わせる／罪があるようにする
1337,vicinity,近辺／付近
1338,enrage,激怒させる
1339,replenish,補充する／再び満たす
1340,chronicle,年代記／年代順に記録する
1341,underfed,栄養不足の／十分食べていない
1342,falsify,改ざんする／偽造する
1343,eerie,不気味な／薄気味悪い
1344,static,静的な／静止した／（ラジオなどの）雑音
1345,envoy,使節／外交使節
1346,immovable,動かない／不動の
1347,amplify,増幅する／拡大する／詳述する
1348,flare,ぱっと燃え上がる／閃光／急な悪化
1349,gratitude,感謝
1350,upturn,好転／上向き
1351,gauge,測る／判断する／計器
1352,disperse,散らす／分散させる／散る
1353,bundle,束／包み／束ねる・まとめる
1354,invincible,無敵の／打ち負かせない
1355,comprise,〜から成る／含む
1356,probe,探る／精査する／（宇宙などの）探査機
1357,paralyze,麻痺させる／機能しなくする
1358,annotation,注釈／注記
1359,tactical,戦術的な／戦術上の
1360,menace,脅威／おびやかすもの／脅かす
1361,detachment,分離／距離を置く姿勢／派遣部隊
1362,gaudy,けばけばしい／派手で趣味の悪い
1363,agonize,苦悩する／悩み抜く
1364,fracture,骨折／ひび／骨折する・割れる
1365,corrode,腐食する／さびつかせる
1366,duplicate,複製する／複製の／写し
1367,holistic,全体論的な／総合的な
1368,dilution,薄めること／希釈
1369,posture,姿勢／態度／構える
1370,rampage,暴れ回る／暴れ回り
1371,stunt,妙技／スタント／成長を妨げる
1372,perspire,汗をかく
1373,sublime,崇高な／荘厳な／（感動が）すばらしい
1374,renounce,放棄する／断念する
1375,referral,紹介／照会
1376,admiration,称賛／感嘆
1377,constraint,制約／束縛
1378,cult,カルト／熱狂的信奉／カルト的な
1379,mundane,日常的な／ありふれた／世俗的な
1380,unravel,解く／解明する／ほどける
1381,ecstatic,有頂天の／大喜びの
1382,inept,不器用な／無能な／場違いな
1383,hypothetical,仮定の／仮想の
1384,empathy,共感
1385,imposing,堂々とした／威厳のある／印象的な
1386,incisive,鋭い／切れ味のある
1387,brag,自慢する／自慢話をする
1388,entice,誘う／引きつける
1389,disdain,軽蔑／軽蔑する
1390,congregate,集まる／集める
1391,improvise,即興で行う／即興演奏・即興スピーチをする
1392,instrumental,役立つ／手段となる／器楽の
1393,transient,一時的な／つかの間の／短期滞在者
1394,subordinate,従属している／下位の／部下
1395,peculiar,奇妙な／特有の
1396,bounce,跳ねる／跳ね返る／跳ね返り
1397,protocol,議定書／儀礼／手順／プロトコル
1398,typify,〜の典型である／特徴づける
1399,manuscript,原稿／手書き原稿
1400,alignment,整列／調整／一致
1401,banish,追放する／追い払う
1402,condemn,非難する／有罪と宣告する
1403,detonate,爆発させる／爆発する
1404,emulate,見習う／競うようにまねる
1405,additive,添加物
1406,gravitate,（自然に）引き寄せられる／〜に向かう
1407,stationary,動かない／静止した
1408,repeal,廃止する／撤回する（法律など）
1409,disprove,誤りだと証明する
1410,utensil,器具／道具（特に台所用品）
1411,adrift,漂流して／目的もなくさまよって
1412,instigate,扇動する／引き起こす
1413,thrust,ぐいっと押す／突き刺す／突き
1414,ignorance,無知／知らないこと
1415,customary,慣習的な／いつもの
1416,blink,まばたきする／点滅する
1417,hereditary,遺伝性の／世襲の
1418,solemn,厳粛な／まじめな
1419,swarm,群れ／群がる
1420,unperturbed,動じない／落ち着き払った
1421,phase,段階／局面
1422,tumble,転ぶ／転げ落ちる／急落する
1423,initiative,主導権／新たな取り組み／イニシアチブ
1424,soothe,なだめる／和らげる
1425,crest,頂上／山頂／（波の）頂
1426,torment,ひどく苦しめる／苦痛・拷問
1427,revoke,取り消す／撤回する
1428,assimilate,同化する／吸収する（知識・文化など）
1429,dispel,追い払う／（不安などを）一掃する
1430,diverge,分岐する／別方向にそれる
1431,condiment,調味料
1432,noble,高貴な／気高い／貴族の
1433,futile,無駄な／無益な
1434,saturate,飽和させる／びしょ濡れにする
1435,eradicate,根絶する／一掃する
1436,overlap,重なる／重ねる／重なり
1437,muddle,ごちゃ混ぜにする／混乱させる
1438,reckon,思う／見なす／計算する
1439,ingest,摂取する／飲み込む
1440,reminiscent,思い出させる／懐かしい感じの
1441,budget,予算／予算を立てる
1442,overall,全体の／総合的な／全体として
1443,illegal,違法の
1444,potential,可能性（のある）／潜在的な
1445,ban,禁止する／禁止
1446,alternative,代わりの／代案／二者択一
1447,address,対処する／演説する／住所
1448,widespread,広範囲にわたる／広く行き渡った
1449,consume,消費する／食べる・飲む
1450,property,財産／不動産／特性
1451,absorb,吸収する／夢中にさせる
1452,facility,施設／設備／能力
1453,invest,投資する
1454,relatively,比較的／相対的に
1455,long-term,長期的な
1456,analyze,分析する
1457,medication,薬／投薬
1458,regarding,〜に関して
1459,beneficial,有益な／ためになる
1460,colleague,同僚
1461,efficient,効率的な／有能な
1462,register,登録する／記録する／レジ
1463,promotion,昇進／販売促進／宣伝
1464,shift,移動／変化／交代勤務／変える
1465,numerous,多数の／たくさんの
1466,candidate,候補者／志願者
1467,criticism,批判／批評
1468,guarantee,保証する／保証
1469,consequently,その結果として／したがって
1470,agricultural,農業の
1471,reduction,削減／縮小
1472,requirement,必要条件／要件
1473,enormous,巨大な／莫大な
1474,session,（活動の）時間／会期／セッション
1475,affordable,手頃な値段の／支払える
1476,lessen,減らす／減る
1477,insurance,保険
1478,oppose,反対する
1479,deposit,預金／頭金／堆積物／預ける・置く
1480,costly,高価な／損失の大きい
1481,domestic,家庭の／国内の／飼いならされた
1482,detect,発見する／感知する
1483,awareness,自覚／意識
1484,strategy,戦略／方針
1485,priority,優先事項／優先権
1486,representative,代表者／代表の／典型的な
1487,outcome,結果／結末
1488,preserve,保存する／守る
1489,luxury,ぜいたく／高級品
1490,reminder,思い出させるもの／催促
1491,manufacture,製造する／製造
1492,extend,伸ばす／延長する／広げる
1493,qualified,資格のある／適任の
1494,fossil,化石
1495,corporation,企業／株式会社
1496,mine,鉱山／地雷／採掘する
1497,artificial,人工の／不自然な
1498,landscape,風景／景観
1499,minimum,最小限（の）
1500,executive,重役／経営幹部／執行の
1501,characteristic,特徴／特性／特徴的な
1502,immune,免疫のある／影響を受けない
1503,worsen,悪化する／悪化させる
1504,prey,獲物／犠牲者
1505,applicant,応募者／申請者
1506,toxic,有毒な
1507,intense,強烈な／激しい
1508,productivity,生産性
1509,relocate,移転する／引っ越しさせる
1510,divorce,離婚（する）／切り離す
1511,nonetheless,それにもかかわらず
1512,clue,手掛かり／ヒント
1513,warehouse,倉庫
1514,substantial,かなりの／実質的な
1515,temporary,一時的な／臨時の
1516,supervise,監督する／指揮する
1517,subject,〜の影響を受けやすい／従属している／科目・主題・対象
1518,participation,参加／関与
1519,sensitive,敏感な／繊細な／デリケートな
1520,pottery,陶器／陶芸
1521,overcome,克服する／乗り越える
1522,removal,除去／撤去／解任
1523,crisis,危機
1524,statistics,統計（学）／統計データ
1525,engage,従事する／関わる／引きつける／契約する
1526,opponent,敵／相手／反対者
1527,competitive,競争力のある／競争の激しい
1528,shrink,縮む／縮ませる／減少する
1529,intake,摂取（量）／受け入れ口
1530,ongoing,進行中の／現在行われている
1531,inspection,検査／視察
1532,problematic,問題の多い／厄介な
1533,forbid,禁じる
1534,finance,財政／資金／資金を供給する
1535,theft,窃盗／盗み
1536,primarily,主として／第一に
1537,contribution,貢献／寄付／寄稿
1538,protective,保護的な／保護用の
1539,uncover,明らかにする／覆いを取る
1540,existence,存在／生活
1541,possession,所有（物）
1542,alert,油断のない／警戒した／警報／警告する
1543,hybrid,混成のもの／雑種／ハイブリッド車など
1544,isolate,孤立させる／隔離する
1545,reference,参考／言及／参照
1546,storage,保管／収納／貯蔵
1547,impressive,印象的な／感動的な
1548,wilderness,荒野／手つかずの自然
1549,ultimately,最終的に／結局
1550,satellite,衛星／人工衛星
1551,plantation,大農園／植林地
1552,outbreak,発生／勃発（特に疫病・戦争など）
1553,arise,生じる／起こる／立ち上がる
1554,investigation,調査／捜査
1555,fluid,液体／流体／流動的な
1556,checkup,健康診断／検査
1557,permanently,永久に／恒久的に
1558,debt,借金／負債
1559,equality,平等／均等
1560,moisture,湿気／水分
1561,multiple,複数の／多様な
1562,workforce,労働力／従業員
1563,intensive,集中的な／徹底的な
1564,define,定義する／明確にする
1565,vegetation,植生／草木
1566,fame,名声／評判
1567,row,列／並び／ボートを漕ぐ／口論
1568,urge,強く促す／〜したい欲求
1569,implement,実行する／実施する／道具・器具
1570,due,支払期限の来た／予定の／正当な
1571,behavioral,行動の／行動に関する
1572,leverage,てこの働き／影響力／うまく利用する
1573,bargain,掘り出し物／安売り品／交渉する
1574,populate,住まわせる／住む
1575,incredible,信じられないほどの／すごい
1576,infant,乳児／幼児
1577,overly,過度に／あまりに
1578,premium,保険料／割増料金／高級な
1579,voucher,引換券／商品券／割引券
1580,well-being,健康・幸福・福祉
1581,significance,重要性／意味
1582,approximately,約〜／およそ
1583,routine,決まりきった仕事／日課／日常の
1584,burial,埋葬／葬式
1585,likewise,同様に／同じく
1586,pedestrian,歩行者／歩行者用の／平凡な
1587,bully,いじめる／いじめっ子
1588,strand,１本（の糸・毛など）／取り残す
1589,knowledgeable,よく知っている／博識な
1590,legislation,法律制定／法律
1591,climatic,気候の／気候に関する
1592,sewage,下水／汚水
1593,makeup,化粧／構成／性質
1594,justify,正当化する／理由を説明する
1595,curious,好奇心の強い／奇妙な
1596,cuisine,料理（様式）／料理法
1597,accomplishment,業績／達成／特技
1598,welfare,福祉／幸福／生活保護
1599,revive,復活させる／生き返らせる／回復する
1600,overtake,追い抜く／追い越す／（変化が）突然襲う
1601,counterpart,対応する人・物／相当する相手
1602,retail,小売り（する）
1603,tip,先端／チップ／助言
1604,capability,能力／性能
1605,livelihood,生計／暮らし
1606,workout,運動／トレーニング
1607,questionable,疑わしい／問題のある
1608,straightforward,わかりやすい／率直な
1609,indigenous,先住の／その土地固有の
1610,fortune,財産／幸運／運命
1611,modernization,近代化
1612,profession,職業（専門職）
1613,roam,歩き回る／放浪する
1614,fancy,高級な／派手な／気まぐれな好み
1615,dairy,乳製品／酪農場
1616,lawsuit,訴訟
1617,fake,偽物／にせの／〜のふりをする
1618,recipient,受取人／受ける人
1619,definitely,確かに／間違いなく
1620,slavery,奴隷制度／奴隷の身分
1621,stability,安定（性）
1622,chronic,慢性の／長期にわたる
1623,clinical,臨床の／病床の・冷静な
1624,outstanding,傑出した／目立った／未払いの
1625,faith,信頼／信仰
1626,bond,きずな／債券／接着・結びつけるもの
1627,kidnap,誘拐する
1628,allowance,手当て／小遣い／許容量
1629,province,（国の）州・県／分野
1630,loyalty,忠誠心／愛着
1631,noticeable,目立つ／はっきりわかる
1632,sector,部門／分野／（社会・経済の）セクター
1633,highlight,強調する／ハイライト／見どころ
1634,gender,性別（社会的な性）
1635,enthusiastic,熱心な／熱中している
1636,technically,技術的に／厳密に言えば
1637,recognition,認識／評価・承認
1638,firsthand,直接の／じかに
1639,overestimate,過大評価する
1640,consistency,一貫性／（液体の）かたさ・濃さ
1641,eligible,資格のある／適格な
1642,intermediate,中級の／中間の
1643,deserve,〜に値する／〜して当然だ
1644,invaluable,非常に貴重な／計り知れない価値のある
1645,latitude,緯度／自由裁量の幅
1646,tense,緊張した／張りつめた／（文法の）時制
1647,outlet,はけ口／コンセント／販売店
1648,compassion,思いやり／同情
1649,returnee,帰国者／帰還者
1650,offspring,子孫／子ども
1651,debris,がれき／破片
1652,peer,仲間／同年代の人
1653,script,台本／手書き文字・原稿
1654,convention,慣習／大会・集会／協定
1655,discipline,規律／しつけ／学問分野
1656,notable,注目すべき／顕著な／著名人
1657,buildup,増加／蓄積／盛り上がり
1658,acceptance,受け入れ／合格・受諾
1659,outset,初め／最初
1660,poll,世論調査／投票（数）
1661,longevity,長寿／寿命の長さ
1662,mortgage,住宅ローン／抵当
1663,acclaim,絶賛（する）／賞賛
1664,criterion,（判断の）基準
1665,comprehensive,包括的な／総合的な
1666,spell,つづる／期間／魔法
1667,disband,解散する
1668,excel,優れている／秀でる
1669,leftover,残り物／食べ残し
1670,prerequisite,前提条件／必須条件
1671,humiliate,恥をかかせる／屈辱を与える
1672,temper,気質／気分／怒り／和らげる
1673,soar,急上昇する／空高く舞い上がる
1674,rigorous,厳格な／厳密な
1675,strenuous,骨の折れる／激しい
1676,premise,前提／敷地
1677,outlive,〜より長生きする／〜より長く持つ
1678,expenditure,支出／出費
1679,impersonal,人間味のない／非人格的な
1680,speculation,推測／投機
1681,fall back on ～,～に頼る／～を当てにする
1682,hold off,延期する／引き延ばす／（敵などを）食い止める
1683,rule out,～を除外する／可能性を否定する
1684,fall for ～,～にだまされる／～に夢中になる
1685,miss out,逃す／（機会などに）乗り遅れる
1686,come down with ～,～（病気）にかかる
1687,shake up,動揺させる／大改革を起こす
1688,hold out,持ちこたえる／（希望などを）抱き続ける
1689,let up,弱まる／おさまる
1690,call for ～,～を要求する／～を必要とする
1691,come into ～,～を相続する／（状態に）入る
1692,dispose of ～,～を処分する／始末する
1693,chip in,お金を出し合う／協力する
1694,stick with ～,～を続ける／～から離れない
1695,go for ～,～を選ぶ／～を狙う／～が好きだ
1696,make off with ～,～を盗んで逃げる
1697,cover for ～,～の代わりをする／～をかばう
1698,bring on,引き起こす（病気・結果など）
1699,stick around,その場にとどまる／うろうろする
1700,fall on ～,～に襲いかかる／（視線・責任などが）～に向く
1701,catch on,流行る／理解する
1702,set off,出発する／引き起こす／作動させる
1703,win over,味方に引き入れる／説得してこちら側にする
1704,fall through,失敗に終わる／だめになる
1705,track down,突き止める／探し出す
1706,sell out,売り切れる／（人・主義などを）裏切る
1707,drag on,だらだら長引く
1708,die down,おさまる／静まる
1709,break down,故障する／（交渉などが）決裂する／打ちひしがれる
1710,make up,仲直りする／～をでっち上げる／メイクする／構成する
1711,call off,中止する／取りやめる
1712,live up to ～,～（期待・基準）に応える
1713,bring up,育てる／（話題を）持ち出す
1714,sum up,要約する／まとめる
1715,split up,別れる／分裂する
1716,stick up for ～,～を（堂々と）擁護する／かばう
1717,step down,辞任する／身を引く
1718,give out,配る／発する／（力などが）尽きる
1719,burn out,燃え尽きる／疲れ果てる／使い物にならなくなる
1720,rough up,乱暴に扱う／殴る・痛めつける
1721,draw on ～,～を活用する／～に頼る・基づく
1722,back off,一歩引く／手を引く／後ずさりする
1723,hold back,抑える／隠す／ためらう
1724,knock down,打ち倒す／値下げする
1725,round up,かき集める／一斉検挙する
1726,see through ～,～を見抜く／～を最後までやり通す
1727,map out,綿密に計画する
1728,bring out,発売する／引き出す／明らかにする
1729,feel for ～,～に同情する／～を手探りで探す
1730,pile in,どっと押し寄せる／どかどか入り込む
1731,wrap up,終える／包む／（仕事などを）締めくくる
1732,pass off,～のふりをする／（出来事が）済む・終わる
1733,take in,理解する／騙す／受け入れる／取り込む
1734,leave off,やめる／中断する
1735,jump at ～,～に飛びつく／～を喜んで受ける
1736,kick off,開始する／（試合などが）始まる
1737,grow out of ～,～から卒業する／～が原因で生じる
1738,dish out,どんどん与える／配る／（批判などを）浴びせる
1739,cut back on ～,～を削減する／節約する
1740,make up for ～,～を埋め合わせる／償う
1741,go over ～,～をよく調べる／見直す／復習する
1742,give away,ただであげる／（秘密などを）ばらす
1743,keep up,続ける／遅れずについていく
1744,come along,一緒に来る／うまく進む
1745,add up to ～,総計～になる／結局～ということになる
1746,point to ～,～を指し示す／～を示唆する
1747,settle down,落ち着く／定住する／身を固める
1748,dry up,干上がる／枯れる／（話すことがなくなって）黙る
1749,straighten out,整理する／解決する／まっすぐにする
1750,set aside,取っておく／～を無視する／脇に置く
1751,turn in,提出する／（～を）引き渡す／寝る（アメリカ口語）
1752,hang onto ～,～を手放さない／しっかり持っている
1753,tear down,取り壊す／破壊する
1754,shape up,きちんとする／（状況が）まともになる
1755,set out to do,～しようと着手する／～するつもりで始める
1756,cover up,隠す／もみ消す
1757,turn away,追い返す／そらす・背ける
1758,put in,差し込む／（時間・労力などを）費やす／申し込む
1759,get into ～,～に夢中になる／～に入る／～（仕事・学校）に入る
1760,act on ～,～に基づいて行動する／～に作用する
1761,kick back,くつろぐ／リラックスする／（賄賂などを）キックバックとして渡す
1762,stem from ～,～から生じる／～に由来する
1763,stir up,かき立てる／（感情・問題）を引き起こす
1764,push for ～,～を強く求める・推進する
1765,carry away,（be carried away）夢中になる／我を忘れさせる
1766,throw up,吐く／（問題などを）引き起こす
1767,set down,書き留める／降ろす／定める
1768,endear A to B,AをBにとって好ましい存在にする
1769,pull over,（車が）路肩に寄せて止まる／車を寄せさせる
1770,live on ～,～で生活する／～を常食とする／～に頼って生きる
1771,drag out,長引かせる／だらだら続ける
1772,come down to ～,結局～ということになる／要は～だ
1773,blow up,爆発する／かんかんに怒る／（写真などを）拡大する
1774,pass up,見送る／（機会などを）逃す・見逃す
1775,see about doing,～することを手配する／～のことを考えておく
1776,branch out,（事業・活動の）範囲を広げる／分野を広げる
1777,wind up,最後に～という結果になる／終える／（ねじを）巻く
1778,relate to ～,～に関係する／～に共感する
1779,tighten up,引き締める／厳しくする
1780,spring up,急に現れる／にわかに生じる
1781,contend with ～,～と戦う／～に対処する
1782,tune in,（ラジオ・番組などに）チャンネルを合わせる／注意を向ける
1783,measure up to ～,～に見合う／～に匹敵する
1784,check up on ～,～を調べる／様子を確認する
1785,turn around,向きを変える／好転する／立て直す
1786,want for ～,～が不足している／～を欠いている
1787,go astray,道に迷う／それる／悪い方向に行く
1788,cross out,線を引いて消す
1789,mess with ～,～に手出しする／～をいじる／～にちょっかいを出す
1790,speak for ～,～を代表して話す／～の代弁をする
1791,head off to ～,～へ向かう／～に出発する
1792,buy out,買い取る／（権利などを）全部買う
1793,spell out,一つひとつ詳しく説明する／はっきり述べる
1794,break away from ～,～から離れる／～から脱却する
1795,pull in,（車・電車が）到着する／（人・金などを）引き寄せる・稼ぐ
1796,talk A into doing,Aを説得して～させる
1797,count for ～,～の価値がある／～の割合を占める
1798,wrestle with ～,～に苦闘する／～と格闘する（問題・感情など）
1799,kick around,ぶらぶらする／（案などを）あれこれ検討する
1800,happen on ～,～に偶然出くわす・見つける
1801,give over,譲り渡す／任せる／やめる
1802,bounce back,立ち直る／回復する
1803,stop up,ふさぐ／詰まらせる
1804,bet on ～,～に賭ける／～を当てにする
1805,get around,あちこち動き回る／うまく切り抜ける・回避する
1806,fall off,落ちる／減少する
1807,round out,仕上げて完全なものにする／締めくくる
1808,pay off,報われる／（借金を）完済する
1809,go by,通り過ぎる／（時間が）たつ／〜という名で通る
1810,bear with ～,～に辛抱する／我慢して付き合う
1811,go along with ～,～に同調する／～に賛成する
1812,touch on ～,～に軽く触れる／簡単に言及する
1813,come before ～,～より先に来る／～の前に立ちはだかる・優先される
1814,phase out,段階的に廃止する
1815,tune up,調整する／音合わせをする
1816,head out,出かける／出発する
1817,come off,うまくいく／取れる・はがれる
1818,put forth,提示する／（力・能力を）発揮する
1819,branch off,分岐する／枝分かれする
1820,hang around (～),（～で）ぶらぶらする／うろつく
1821,narrow down,絞り込む
1822,spring from ～,～から生じる／～に由来する
1823,fill in for ～,～の代わりを務める
1824,adhere to ～,～に従う／～を守る／～にくっつく
1825,settle for ～,やむなく～で手を打つ／～で我慢する
1826,catch up on ～,～に追いつく／たまった～を片付ける
1827,get down to ～,～に本腰を入れて取りかかる
1828,put forward,提案する／推薦する
1829,lay down,置く／（規則・条件を）定める
1830,set in,（季節・悪天候・傾向などが）始まる／定着する
1831,fall away,減る／はがれ落ちる／離れていく
1832,sit by,何もせず傍観する
1833,eat up,食べ尽くす／（時間・お金などを）食う
1834,burn off,燃やして取り除く／（脂肪などを）燃焼させる
1835,cling to ～,～にしがみつく／～に固執する
1836,pull off,うまくやり遂げる／引きはがす
1837,go at ～,～に襲いかかる／～に熱心に取り組む
1838,get at ～,～に達する／～の意味をつかむ／～をほのめかす
1839,come through,切り抜ける／（約束どおり）うまくやり遂げる
1840,turn out,判明する／（結果として）～になる／（人が）集まる
1841,be drawn into ～,～に引き込まれる／～に巻き込まれる
1842,blow over,（嵐・スキャンダルなどが）収まる／鎮まる
1843,shove aside,脇に押しやる／無視する
1844,attend to ～,～の世話をする／～に注意を向ける／～を処理する
1845,back down,引き下がる／取り消す・撤回する
1846,pull through,（病気・危機などを）切り抜ける／回復する
1847,stand down,身を引く／辞任する／待機を解く
1848,give off,（光・熱・においなどを）発する
1849,play up,大げさに扱う／強調する／（子ども・体などが）手を焼かせる
1850,do away with ～,～を廃止する／～をなくす
1851,take on,引き受ける／雇う／（性質・様相を）帯びる／戦う
1852,hand off,手渡す／引き継ぐ
1853,bank on ～,～を当てにする／頼りにする
1854,make out,理解する／判別する／（書類などを）作成する
1855,call on ～,～を訪ねる／～に頼む／～に発言を求める
1856,sink in,（意味などが）だんだん分かってくる／染み込む
1857,brush off,払いのける／相手にしない／無視する
1858,get away with ～,～しても罰を受けない／うまくごまかす
1859,back up,後退する／支援する／バックアップを取る
1860,draw up,（文書などを）作成する／（車が）止まる
1861,roll up,巻き上げる／丸める／（車などで）やってくる
1862,run through ～,～にざっと目を通す／～をすばやく確認する／～を使い果たす
1863,build up,築き上げる／徐々に増やす
1864,turn down,断る／音量・温度などを下げる
1865,let down,がっかりさせる／下におろす
1866,count on ～,～を当てにする／頼りにする
1867,get by,なんとかやっていく／（生活などを）切り抜ける
1868,lay off,解雇する／（～するのを）やめる
1869,opt for ～,～を選ぶ
1870,wear off,（痛み・効果などが）薄れる／消える
1871,wash away,洗い流す／押し流す
1872,give in,屈する／譲歩する／（宿題などを）提出する
1873,make over,作り変える／改造する／譲渡する
1874,sign out,署名して退出する／サインアウトする
1875,wave off,手を振って見送る／（提案・申し出などを）断る
1876,try out,試してみる／試用する／オーディションを受ける
1877,stumble on ～,～を偶然見つける
1878,talk up,ほめちぎる／宣伝する
1879,scoop up,すくい上げる／すばやく拾い集める
1880,go through with ～,～を最後までやり遂げる
1881,pick over,しげしげと調べる／選り分ける
1882,scale down,規模を縮小する
1883,lift off,（ロケットなどが）打ち上がる／離陸する
1884,hold down,抑える／維持する（仕事・費用など）
1885,clean out,きれいに片づける／中身を一掃する／（お金を）巻き上げる
1886,air out,換気する／風を通す
1887,look out for ～,～に気をつける／～を気にかける・見守る
1888,grow into ～,成長して～になる／～に発展する
1889,close in,迫る／近づく／取り囲む
1890,step up,強化する／増やす／一歩前に出る
1891,cut in,割り込む／口を挟む／（機械などが）作動し始める
1892,look down on ～,～を見下す／軽蔑する
1893,pass out,気を失う／配る
1894,slip on,さっと身につける／滑って上に乗る
1895,play out,展開する／進行して終わる／使い尽くす
1896,pull back,引き戻す／撤退する
1897,skim over,ざっと目を通す／上をかすめて通る
1898,tell on ～,～にこたえる（疲れなどが出る）／～の悪事を告げ口する
1899,smooth over,なだめて丸く収める／（問題・対立を）和らげる
1900,pack up,荷造りする／片付けて立ち去る／（機械が）壊れて動かなくなる
1901,tuck in,押し込む／（子どもを）布団に入れて寝かせる／たくさん食べる（英）
1902,wash down,（飲み物で）流し込む／水で洗い流す
1903,go under,沈む／（会社などが）倒産する
1904,turn over,ひっくり返す／回転させる／引き渡す
1905,tip over,ひっくり返る／ひっくり返す
1906,press for ～,～を強く求める／迫る
1907,stand over ～,～のそばに立って見張る／監督する
1908,touch up,仕上げをする／手直しする
1909,get in on ～,～に参加する／～に乗っかる
1910,put through,（電話を）つなぐ／～を経験させる／やり遂げさせる
1911,shut out,締め出す／遮断する／（スポーツで）完封する
1912,face off,対決する／対峙する
1913,pick through ～,～の中から選り分ける／つついて探す
1914,drive off,追い払う／車で立ち去る
1915,pass for ～,～と見なされる／～として通用する
1916,hold over,延期する／持ち越す
1917,run down,疲れ果てさせる／（車が人を）はねる／電池が切れる／～をけなす／～を見つけ出す
1918,slip by,（時間などが）いつの間にか過ぎる
1919,put up with ～,～を我慢する／耐える
1920,pin down,突き止める／はっきりさせる／（人に）白黒つけさせる
1921,rub in,こすり込む／（嫌なことを）しつこく持ち出して傷つける
1922,clear out,片づけて出て行く／立ち去る
1923,doze off,うとうとする／うたた寝する
1924,take up,始める／（時間・場所を）取る／引き受ける
1925,drive out,追い出す／追い払う
1926,set up,設置する／設立する／準備する
1927,act up,（子ども・機械などが）問題を起こす／調子が悪くなる
1928,run out,尽きる／使い果たす
1929,single out,一人（1つ）だけ選び出す／指名する
1930,break up,別れる／解散する／砕く
1931,deal in ～,～を商う／～を扱う
1932,break out,（戦争・火事・病気などが）起こる／勃発する／逃亡する
1933,water down,水で薄める／（表現などを）弱める
1934,pass on,手渡す／伝える／（人が）亡くなる
1935,fall apart,バラバラになる／（精神的に）崩れる
1936,settle in,新しい環境に慣れる／落ち着く
1937,step out,外出する／少し席を外す
1938,mark down,値下げする／書き留める
1939,break in on ～,～（の話・活動）に割り込む／邪魔をする
1940,sit in on ～,～に出席する／傍聴する
1941,buy up,買い占める
1942,size up,評価する／見きわめる
1943,let off,降ろす／（爆竹などを）鳴らす／（罰などを）軽くする・見逃す
1944,mark out,線を引いて区切る／区別して示す
1945,feed off ～,～から糧を得る／～に依存して利益を得る
1946,flag down,（車・タクシーなどを）合図して止める
1947,rise above ～,～を克服する／～を超越する
1948,figure on ～,～を当てにする／～を見込む・予想する
1949,hold up,遅らせる／（強盗などで）襲う／持ちこたえる
1950,tell off,きつく叱る／ガミガミ言う
1951,live down,（過去の失敗・恥などを）時間をかけて忘れさせる
1952,feel out,探りを入れる／相手の気持ち・考えを探る
1953,hammer out,（議論して）たたき上げる／まとめ上げる
1954,throw off,投げ捨てる／振り払う／（病気などから）早く回復する
1955,pass over,～を昇進から外す／～を無視する・見過ごす
1956,pull up,（車などが）止まる／引き抜く・引き上げる
1957,pass down,伝える／受け継がせる
1958,come by ～,～を手に入れる／～のそばを通る
1959,take to ～,～が好きになる／～を習慣にする／～に逃げ込む
1960,head off,阻止する／先回りして止める／出発する
1961,cough up,しぶしぶ（金などを）払う／（痰などを）咳と一緒に出す
1962,stop over,途中で一泊する／途中下車する
1963,drive up,車で行く／（価格などを）引き上げる
1964,follow up,続けて行う／追跡調査する
1965,level off,横ばいになる／落ち着く
1966,deal out,分配する／配る
1967,stick by ～,～のそばを離れない／～を見捨てない・支持し続ける
1968,show up,現れる／姿を見せる／目立つ
1969,write back,返事を書く／返信する
1970,stack up,積み重なる／（比較して）見劣りしない・する
1971,tuck away,しまい込む／隠して取っておく
1972,crack up,大笑いする／（精神的に）参る・おかしくなる
1973,rip off,ぼったくる／～を盗む
1974,scratch out,ひっかいて消す／なんとか書く・なんとか生計を立てる
1975,whip up,手早く作る／（感情などを）あおり立てる
1976,rack up,（勝利・損失・得点などを）重ねる／獲得する
1977,shove off,出て行く／船出する
1978,bottom out,下げ止まる／底を打つ
1979,nod off,こっくりする／うとうと眠ってしまう
1980,send for ～,～を呼びにやる／～を取り寄せる
1981,stay off ～,～を避ける／～に近寄らない・口にしない
1982,act out,行動で表す／問題行動をする
1983,fix up,手配する／修理する／整える
1984,carry through,やり遂げる／実行し通す
1985,roll in,どっと押し寄せる／続々と届く・入ってくる
1986,answer for ～,～に責任を負う／～を保証する
1987,stand up to ～,～に立ち向かう／～に耐える
1988,free up,空ける／解放する
1989,weigh on ～,～にのしかかる／～の心を重くする
1990,tie up,縛る／（予定などで）ふさぐ／提携する
1991,grow on ～,～の心にだんだんと深くなる／～がだんだん好きにならせる
1992,let out,放す／漏らす／（服を）出して大きくする
1993,lock A in B,AをBの中に閉じ込める
1994,watch over ～,～を見守る／監視する
1995,blast off,（ロケットなどが）打ち上がる／発射する
1996,go back on ～,（約束・言葉などを）破る／裏切る
1997,lay into ～,～を激しく非難する／殴りかかる
1998,force down,（無理に）飲み込む／抑え込む（価格など）
1999,bring off,やり遂げる／成功させる
2000,pile up,積み重なる／たまる
2001,ease into ～,～に徐々に慣れさせる／自然に入っていく
2002,break off,急にやめる／関係を断つ／折れる
2003,hang on ～,～にしがみつく／～にかかっている
2004,fall under ～,～の影響下に入る／～の部類に入る
2005,send out for ～,（出前などを）～に注文する
2006,fire up,奮い立たせる／エンジンなどを始動させる／怒らせる
2007,check off,チェックを入れる／一つずつ確認する
2008,gear up,準備する／準備させる
2009,derive from ～,～に由来する／～から引き出す
2010,dream up,思いつく／でっち上げる
2011,carry over,持ち越す／繰り越される
2012,get on with ～,～とうまくやる／～をどんどん進める
2013,turn to ～,～に頼る／～に取りかかる
2014,make do with ～,～で間に合わせる
2015,kick in,（効き目などが）出始める／（お金を）出し合う／蹴り込んで壊す
2016,pitch in,協力する／力を貸す
2017,species,種（しゅ）
2018,mammal,哺乳類
2019,primate,霊長類
2020,reptile,爬虫類
2021,vertebrate,脊椎動物
2022,reproduction,繁殖／再生
2023,mating,交尾／つがいになること
2024,hibernation,冬眠
2025,carnivore,肉食動物
2026,herbivore,草食動物
2027,ape,類人猿
2028,rhinoceros,サイ
2029,camel,ラクダ
2030,donkey,ロバ
2031,mule,ラバ
2032,ram,雄ヒツジ
2033,elk,ヘラジカ／アメリカアカシカなど
2034,reindeer,トナカイ
2035,canine,イヌ科の動物
2036,bark,吠える／木の皮
2037,hare,ノウサギ
2038,lynx,オオヤマネコ
2039,lizard,トカゲ
2040,crocodile,ワニ
2041,hump,こぶ（ラクダなどの）
2042,burrow,巣穴／穴を掘る
2043,owl,フクロウ
2044,vulture,ハゲタカ
2045,parrot,オウム
2046,sparrow,スズメ
2047,gull,カモメ
2048,mosquito,蚊
2049,termite,シロアリ
2050,moth,蛾
2051,caterpillar,イモムシ／毛虫
2052,earthworm,ミミズ
2053,salmon,サケ
2054,tuna,マグロ
2055,squid,イカ
2056,eel,ウナギ
2057,turtle,カメ
2058,oyster,カキ（牡蠣）
2059,blossom,（木の）花／開花
2060,pollen,花粉
2061,thorn,とげ
2062,pine,マツ
2063,maple,カエデ／モミジ
2064,hemp,麻
2065,holly,ヒイラギ
2066,walnut,クルミ
2067,cactus,サボテン
2068,fungus,菌類／キノコ類
2069,moss,コケ
2070,mold,カビ
2071,algae,藻類
2072,organism,有機体／生物
2073,organ,器官／オルガン
2074,abnormality,異常／異常性
2075,stroke,脳卒中／発作／一打ち
2076,cancer,がん
2077,leprosy,ハンセン病／らい病
2078,measles,はしか
2079,scurvy,壊血病
2080,diabetes,糖尿病
2081,appetite,食欲／欲求
2082,obesity,肥満
2083,malnutrition,栄養失調
2084,indigestion,消化不良
2085,metabolism,代謝
2086,diarrhea,下痢
2087,anorexia,拒食症／食欲不振
2088,protein,タンパク質
2089,inflammation,炎症
2090,injury,けが／負傷
2091,arthritis,関節炎
2092,blister,水ぶくれ／まめ
2093,impairment,障害／機能低下
2094,fever,熱／発熱
2095,pulse,脈拍
2096,sneeze,くしゃみ
2097,ward,病棟／区画（行政区）
2098,surgery,手術／外科
2099,endocrine,内分泌（の）
2100,coma,昏睡状態
2101,eyesight,視力
2102,circadian rhythm,概日リズム／体内時計
2103,diagnosis,診断
2104,prescription,処方箋
2105,pharmacy,薬局／薬学
2106,vaccine,ワクチン
2107,antibiotic,抗生物質
2108,hypodermic,皮下注射（の）
2109,painkiller,鎮痛剤
2110,first aid,応急手当
2111,pregnancy,妊娠
2112,infertility,不妊
2113,childbirth,出産
2114,sperm,精子
2115,gene,遺伝子
2116,amputee,手足を切断された人
2117,immunity,免疫
2118,infection,感染
2119,parasite,寄生虫／寄生生物
2120,germ,病原菌／ばい菌
2121,microbe,微生物
2122,virus,ウイルス
2123,bacterium,バクテリア／細菌
2124,skull,頭蓋骨
2125,spine,背骨／脊柱
2126,rib,あばら骨
2127,nostril,鼻の穴
2128,jaw,あご
2129,thigh,太もも
2130,wrist,手首
2131,ankle,足首
2132,intestine,腸
2133,kidney,腎臓
2134,liver,肝臓
2135,spleen,脾臓
2136,vein,静脈
2137,artery,動脈
2138,cell,細胞
2139,nerve,神経
2140,neuron,ニューロン／神経細胞
2141,fiber,繊維／（食物の）食物繊維
2142,reflex,反射
2143,insomnia,不眠症
2144,anxiety,不安
2145,depression,うつ病／憂うつ
2146,manic,躁状態の／異常にハイな
2147,addiction,依存症／中毒
2148,trance,トランス状態／恍惚状態
2149,ecosystem,生態系
2150,deforestation,森林伐採
2151,logging,伐採業／木材伐採
2152,reforestation,再植林
2153,pasture,牧草地
2154,greenhouse effect,温室効果
2155,tropical rain forest,熱帯雨林
2156,fossil fuel,化石燃料
2157,carbon dioxide,二酸化炭素
2158,carbon offset,カーボン・オフセット（排出量相殺）
2159,renewable energy,再生可能エネルギー
2160,radiation,放射線／放射
2161,hydropower,水力発電
2162,solar power,太陽光発電
2163,biodiesel,バイオディーゼル
2164,acid rain,酸性雨
2165,Antarctica,南極大陸
2166,biodiversity,生物多様性
2167,coral reef,サンゴ礁
2168,overfishing,乱獲
2169,poacher,密猟者
2170,conservationist,自然保護活動家
2171,pollute,汚染する
2172,pollutant,汚染物質
2173,dumping,不法投棄／投げ捨て
2174,landfill,埋立地／ゴミ埋立処分場
2175,soil,土壌／土
2176,organic,有機の／有機栽培の
2177,compost,堆肥
2178,fertilizer,肥料
2179,pesticide,農薬／殺虫剤
2180,harvest,収穫（する）
2181,cereal,穀物／シリアル
2182,wheat,小麦
2183,soybean,大豆
2184,mineral,鉱物／ミネラル
2185,limestone,石灰岩
2186,quartz,石英
2187,crystal,結晶／水晶
2188,continent,大陸
2189,equator,赤道
2190,tropic,回帰線／熱帯地方
2191,volcano,火山
2192,ash,灰
2193,wetland,湿地
2194,seabed,海底
2195,inland,内陸の
2196,bay,湾
2197,ground water,地下水
2198,gravity,重力／引力
2199,subzero,氷点下の
2200,rainfall,降雨量／雨
2201,drizzle,霧雨
2202,frost,霜／冷え込み
2203,breeze,そよ風
2204,gale,強風
2205,tornado,竜巻
2206,flood,洪水
2207,wildfire,山火事／野火
2208,astronomer,天文学者
2209,galaxy,銀河
2210,Mercury,水星
2211,Venus,金星
2212,Mars,火星
2213,Jupiter,木星
2214,Saturn,土星
2215,Uranus,天王星
2216,Neptune,海王星
2217,Pluto,冥王星
2218,aerospace,航空宇宙（産業）
2219,spacecraft,宇宙船
2220,astronaut,宇宙飛行士
2221,atmosphere,大気／雰囲気
2222,orbit,軌道／周回軌道を回る
2223,asteroid,小惑星
2224,comet,彗星
2225,meteorite,隕石
2226,solstice,至（夏至・冬至）
2227,ion,イオン
2228,liquid,液体／液体の
2229,metallurgy,冶金学／金属加工
2230,element,元素／要素
2231,molecule,分子
2232,hydrogen,水素
2233,oxygen,酸素
2234,nitrogen,窒素
2235,carbon,炭素
2236,arsenic,ヒ素
2237,bronze,青銅
2238,copper,銅
2239,phosphorus,リン
2240,sulfur,硫黄
2241,acid,酸
2242,fluoride,フッ化物
2243,petroleum,石油
2244,resin,樹脂
2245,sulfuric acid,硫酸
2246,zinc,亜鉛
2247,antioxidant,抗酸化物質
2248,rectangle,長方形
2249,square,正方形／四角形
2250,cone,円すい
2251,radius,半径
2252,diameter,直径
2253,equation,方程式
2254,infinity,無限
2255,cyberspace,サイバースペース／仮想空間
2256,decode,解読する／暗号を解く
2257,thermostat,温度調節器／サーモスタット
2258,laptop,ノートパソコン
2259,sonar,ソナー（水中音波探知機）
2260,electrode,電極
2261,canal,運河／水路
2262,sewer,下水道
2263,fountain,噴水
2264,clog,詰まらせる／詰まる
2265,plumbing,配管設備／水道工事
2266,janitor,用務員／管理人
2267,highway,幹線道路／高速道路
2268,bypass,バイパス
2269,intersection,交差点
2270,aircraft,航空機
2271,aviation,航空（術）
2272,license,免許／許可証
2273,locomotive,機関車
2274,mileage,走行距離／燃費
2275,navigate,航行する／道案内する
2276,runway,滑走路
2277,shuttle,シャトル便／往復バス・電車など
2278,timetable,時刻表
2279,toll-free,通話料無料の／無料通行の
2280,surcharge,追加料金
2281,federation,連盟／連邦
2282,Congress,（米国などの）議会
2283,Senate,上院
2284,majority,多数派／過半数
2285,embassy,大使館
2286,ambassador,大使
2287,diplomat,外交官
2288,commander,司令官／指揮官
2289,bomber,爆撃機／爆弾犯
2290,weaponry,兵器類
2291,arsenal,兵器庫／武器の蓄え
2292,pact,協定／条約
2293,territory,領土／領域
2294,refugee,難民
2295,monetary,通貨の／金銭の
2296,devalue,価値を下げる／通貨の切り下げをする
2297,minting,造幣／硬貨を作ること
2298,inflation,インフレ／物価上昇
2299,gross domestic product,国内総生産（GDP）
2300,rating,格付け／評価
2301,courthouse,裁判所の建物
2302,innocence,無罪／無実
2303,imprisonment,投獄／監禁
2304,probation,保護観察／執行猶予
2305,informant,情報提供者／密告者
2306,robbery,強盗（罪）
2307,trafficking,不正取引／密売・人身売買
2308,gangster,ギャング
2309,smuggler,密輸業者
2310,poverty,貧困
2311,brainwashing,洗脳
2312,manufacturer,製造業者／メーカー
2313,retailer,小売業者
2314,auction,オークション／競売
2315,output,生産高／出力
2316,prototype,試作品／原型
2317,monopoly,独占（企業）
2318,questionnaire,アンケート（用紙）
2319,respondent,回答者
2320,conference,会議／大会
2321,pavilion,展示館／パビリオン
2322,CEO,最高経営責任者
2323,auditor,会計監査人／監査官
2324,workshop,講習会／作業場
2325,internship,インターンシップ／就業体験
2326,bulletin board,掲示板
2327,adhesive,接着剤／粘着性の
2328,paycheck,給料（の小切手）
2329,pension,年金
2330,recreation,レクリエーション／気晴らし
2331,union,組合／労働組合
2332,unemployment,失業（状態）
2333,dinosaur,恐竜
2334,evolution,進化
2335,archaeologist,考古学者
2336,excavation,発掘（作業）
2337,ancient,古代の／古い
2338,remains,遺物／遺跡／遺骸
2339,shipwreck,難破船／沈没船
2340,mummy,ミイラ
2341,millennium,千年（紀）
2342,monarch,君主／国王
2343,ancestor,祖先
2344,throne,王位／玉座
2345,aristocrat,貴族
2346,tyrant,暴君
2347,warrior,戦士
2348,peasant,小作農／農民
2349,piracy,海賊行為／著作権侵害
2350,settler,入植者／開拓者
2351,slaughter,大量虐殺／屠殺
2352,dagger,短剣
2353,cemetery,墓地
2354,graveyard,墓場
2355,tomb,墓／墓碑
2356,catacomb,地下墓地
2357,coffin,棺
2358,monument,記念碑／モニュメント
2359,worship,礼拝する／崇拝（する）
2360,morality,道徳／倫理観
2361,sermon,説教／説法
2362,sin,罪
2363,archbishop,大司教
2364,bishop,司教
2365,priest,司祭／神父／聖職者
2366,chapel,礼拝堂
2367,choir,合唱団／聖歌隊
2368,missionary,宣教師
2369,pilgrim,巡礼者
2370,publication,出版物／出版
2371,myth,神話／作り話
2372,proverb,ことわざ
2373,stopover,途中降機／途中滞在
2374,safari,サファリ旅行／（アフリカの）狩猟旅行
2375,atlas,地図帳
2376,aroma,よい香り／アロマ
2377,artistry,芸術性／技巧
2378,auditorium,講堂／ホール
2379,scenery,景色／舞台装置
2380,panorama,パノラマ／全景
2381,pillar,柱／支柱
2382,carving,彫刻
2383,plaster,しっくい／石膏／ばんそうこう（英）
2384,collage,コラージュ
2385,masterpiece,傑作／名作
2386,patron,後援者／ひいき客
2387,graffiti,落書き（アート）
2388,recital,リサイタル／独奏会
2389,finale,フィナーレ／最終楽章・最後の場面
2390,rehearsal,リハーサル／通し練習
2391,debut,デビュー／初舞台
2392,vandalism,故意の破壊行為
2393,pageant,華やかな行列／ショー・コンテスト
2394,fiction,フィクション／小説
2395,parody,パロディー／風刺的な模倣
2396,prologue,序幕／前口上
2397,paradox,逆説／一見矛盾した事実
2398,metaphor,隠喩／比喩表現
2399,undergraduate,学部生／大学生（学士課程）
2400,doctorate,博士号
2401,dormitory,寮
2402,nursery,保育園／苗床
2403,curriculum,カリキュラム／教育課程
2404,bilingual,二言語を話す／バイリンガルの
2405,sentence,文／判決
2406,phrase,句／言い回し
2407,pronunciation,発音
2408,adjective,形容詞
2409,martial arts,武道／格闘技
2410,referee,審判員／レフェリー
2411,gymnastics,体操競技／体操
2412,stamina,持久力／スタミナ